,Estim(XGBRegressor)_Imputer(IterativeImputer(<class 'sklearn.linear_model._bayes.BayesianRidge'>)),Estim(XGBRegressor)_Imputer(IterativeImputer(<class 'xgboost.sklearn.XGBRegressor'>)),Estim(XGBRegressor)_Imputer(IterativeImputer(<class 'sklearn.ensemble._forest.RandomForestRegressor'>)),Estim(XGBRegressor)_Imputer(KNNImputer),Estim(RandomForestRegressor)_Imputer(IterativeImputer(<class 'sklearn.linear_model._bayes.BayesianRidge'>)),Estim(RandomForestRegressor)_Imputer(IterativeImputer(<class 'xgboost.sklearn.XGBRegressor'>)),Estim(RandomForestRegressor)_Imputer(IterativeImputer(<class 'sklearn.ensemble._forest.RandomForestRegressor'>)),Estim(RandomForestRegressor)_Imputer(KNNImputer),Uniform Model Averaging,<class 'sklearn.ensemble._stacking.StackingRegressor'>,dew_top_1,dew_top_3,dew_top_None
0,4.219346046447754,5.479436874389648,1.7014508247375488,0.2982196807861328,1.892064522101938,1.6277214912582494,2.638730320951783,1.749329047941929,2.0254246448924853,2.3909521102905273,2.638730320951783,0.4967400574149856,1.6691023404960106
1,6.839960098266602,2.5470638275146484,2.09002685546875,1.724294662475586,4.920429024335281,2.376950734038367,2.3829396387508908,3.3827259353843484,3.2830488470293098,5.930153846740723,3.3827259353843484,2.9203230514404144,3.1724375332082424
2,0.39490509033203125,1.8564653396606445,2.996170997619629,1.3115911483764648,1.4419871500615926,1.4689336086451181,1.2268386473459465,1.3784258467347552,1.5094147285970223,3.018848419189453,1.3784258467347552,1.0897952117584762,1.4450620712556592
3,3.525712013244629,3.432318687438965,1.8542203903198242,3.707392692565918,3.3895105737190327,3.5069578291821273,2.7018699206488144,3.458857631693558,3.197104967351608,4.665935516357422,3.3895105737190327,3.200439048308283,3.263490197894253
4,2.67987060546875,4.880318641662598,2.4607315063476562,3.6882171630859375,3.6732667472989426,5.7509172517328135,5.139818995682708,3.5810363525683684,3.9817721579809717,10.16197919845581,5.7509172517328135,4.9959064006760805,4.300754666764396
5,4.230030059814453,3.9885950088500977,2.8113203048706055,0.40430641174316406,3.3913827904098905,3.63028444337818,3.135950612042116,2.2969852280004766,2.9861068573886236,0.7035484313964844,3.135950612042116,2.933131619929643,3.0078741482391926
6,5.151655197143555,4.686511993408203,7.625924110412598,0.9388642311096191,4.443689582948142,4.260917053720556,5.697130982701918,2.835272641149137,4.454995724074216,6.373108863830566,0.9388642311096191,2.765998127479002,3.879773818142663
7,0.5441160202026367,0.7360467910766602,0.6576414108276367,2.887451171875,1.055560338745293,0.5169748637061051,1.0512269795596811,1.4196015999989058,0.0382925535541645,0.2397470474243164,0.5169748637061051,0.3463487825816607,0.18452985081487583
8,0.3434123992919922,0.8465251922607422,3.0220718383789062,0.4641733169555664,1.3898237107459757,2.2244774223251174,1.6181113591791174,1.0768376947329923,1.25713578749491,0.3953580856323242,1.0768376947329923,1.0184167308651695,1.1854092112450854
9,0.439178466796875,2.380997657775879,0.8682012557983398,0.947545051574707,1.3115082734492205,0.6179718826505329,0.7483478701782857,0.03902927746177909,0.16935508185409986,0.10953998565673828,0.03902927746177909,0.5959374277436957,0.23573851340331764
10,1.4516611099243164,4.349884986877441,0.7231302261352539,2.8596267700195312,1.4539009607332485,0.35748940972633214,0.16261972251069068,0.42893282657790266,0.07512466525066053,1.9231176376342773,1.4516611099243164,0.42783704343991147,0.17055929812762471
11,4.162893295288086,5.045686721801758,0.19180822372436523,2.299419403076172,3.468823383390559,4.182710231680222,4.736115233409905,3.424760057876913,3.439027068780998,3.5724306106567383,3.424760057876913,3.673459119665491,3.3765015575571784
12,1.6658382415771484,1.6249361038208008,0.39334678649902344,0.5115327835083008,0.2286495122593415,0.41673905151842305,0.6393972589231378,0.9616445593637675,0.2904642801647004,0.9429130554199219,0.41673905151842305,0.6187305797549634,0.44827520474606253
13,6.328644752502441,6.230920791625977,6.457409858703613,5.505742073059082,5.566283014956907,5.354852429517603,5.621041708868711,5.537413133366126,5.825288470325058,5.273022651672363,5.537413133366126,5.561933640836042,5.729453094667267
14,2.949103355407715,1.3999786376953125,0.4573040008544922,1.8654279708862305,0.09937848800286098,0.731268989161233,0.2574088198305091,1.0214728035520348,0.351098067563516,2.7087106704711914,0.731268989161233,0.5300867767801556,0.37978423523133387
15,5.442842483520508,6.084567070007324,4.391153335571289,4.369141578674316,5.1894615026168065,5.689906541713652,4.747432657046838,3.620486939925593,4.941874013634541,5.177924156188965,4.747432657046838,4.796156397134611,4.801391286989002
16,0.6703624725341797,0.28881168365478516,0.683445930480957,0.6594562530517578,1.1612451835477717,1.7423362507790952,1.0427236104678688,1.476392223755422,0.39007761610356084,2.891720771789551,1.0427236104678688,1.194684113764417,0.8595102152914791
17,3.354249954223633,2.7925825119018555,3.6455554962158203,3.3194503784179688,4.313239316100271,3.2821258848845147,3.7143925635651573,3.4591863160808867,3.4850978026737636,5.115388870239258,3.4591863160808867,3.6905461831696016,3.515702118943034
18,3.212510585784912,1.3459711074829102,1.6525812149047852,1.4395065307617188,0.25736687465152563,0.7097126352747178,1.050837450469766,0.2669946145432718,0.3744657616250908,0.6460351943969727,3.212510585784912,0.1954569946161655,0.2960363610523089
19,9.870892524719238,8.775877952575684,9.963287353515625,10.83583927154541,7.779302716404866,9.498503459225647,8.534037348871022,8.38125302490037,9.204874206469732,6.043674468994141,8.775877952575684,9.255904980030639,9.124926794935156
20,1.6705846786499023,0.6022434234619141,1.0713005065917969,1.9781074523925781,1.2326886820296359,2.084206782655052,1.8713908977922014,1.916670039608924,1.5533990578977512,1.0440845489501953,1.6705846786499023,1.609324343405092,1.5115787002298546
21,8.457998275756836,11.347053527832031,10.371447563171387,13.171180725097656,7.846371646693728,10.66151804149041,9.626235431377516,9.941757730005193,10.177945367678095,10.562335968017578,7.846371646693728,9.88556176694307,9.9607157142008
22,3.344153881072998,3.662569046020508,1.0372028350830078,1.6693124771118164,0.3052169006584684,0.9669470708400656,1.407517763607661,0.5840441995436496,0.9454916936935653,2.84537410736084,3.344153881072998,1.2961143317391564,1.1616804485305643
23,6.057613372802734,8.036511421203613,5.686258316040039,5.1354475021362305,4.016111037303039,4.156352582322457,4.820904882827618,4.569451554227676,5.309831333607926,4.1017045974731445,8.036511421203613,5.9186472509333505,5.557660985443027
24,1.8855476379394531,0.6698980331420898,2.1315441131591797,1.6919946670532227,0.36722745048118277,0.717757189968907,0.11740765891668303,0.19356172457742815,0.21184711428491632,3.2289719581604004,1.8855476379394531,1.1480711176804848,0.5261238922206104
25,0.9678821563720703,2.279888153076172,1.0992984771728516,0.15956783294677734,2.90763071983163,1.9857267843235782,2.813319336887334,2.031089224750888,1.7406583774334692,1.98663330078125,1.9857267843235782,1.9830148681319795,2.0286793646386503
26,2.8761768341064453,1.8619766235351562,2.2395153045654297,5.999323844909668,2.2883333708473224,2.3382747402317747,2.4296215880200034,2.5160352067676897,2.818657189122936,3.2171812057495117,2.8761768341064453,2.633291255939593,2.851127584741434
27,3.536484718322754,0.23929595947265625,0.8791599273681641,1.8246002197265625,1.826797346404872,0.45291331640991395,0.5864031058323977,1.46209486614147,1.0713547107496435,1.3011417388916016,0.45291331640991395,0.2764537023309934,1.022104139185732
28,1.425614833831787,1.3078866004943848,0.324188232421875,1.039820671081543,1.2026282469788843,1.410962843984997,1.3508320182159963,0.4467817156702285,0.29916697864794983,2.3367557525634766,1.2026282469788843,1.3190536037001355,0.45284891704717367
29,0.3815450668334961,2.9212751388549805,4.922206878662109,1.3035812377929688,0.6587550479531306,2.41317076227606,2.525274323230219,2.1622249048628017,2.065617903349846,2.3474884033203125,2.41317076227606,1.811966326376611,1.9430808896608518
30,0.07161808013916016,3.194857597351074,0.9306573867797852,2.304807662963867,2.8473985249882734,3.360334533727185,3.537866253823923,3.299760953563821,2.443412624167136,4.028285980224609,3.299760953563821,3.1653034883707925,2.7443277509763995
31,2.2963829040527344,3.89483642578125,0.13934040069580078,0.2713136672973633,3.078643435463558,1.8506905645436724,1.3638283009191898,1.351238145319563,1.6781207135108502,4.3912763595581055,1.3638283009191898,1.9745167202268377,1.8919430403978232
32,0.2700796127319336,0.6644668579101562,0.47463512420654297,1.2518997192382812,0.6003628723109937,0.3448150817833735,0.36925938724809093,0.8104816168045588,0.4795912529776061,0.4321870803833008,0.3448150817833735,0.41898018950782223,0.46570987591287505
33,1.862844467163086,2.8133716583251953,1.7475004196166992,1.1289606094360352,1.4057853335088506,1.2602707363730037,0.8343494147367263,1.8227807831221252,1.6094829277852156,4.447017669677734,1.4057853335088506,1.6315460374556316,1.5775121137309362
34,3.041898727416992,2.2413673400878906,2.3248777389526367,3.7238388061523438,3.396174770455959,4.1423803690023995,3.571312596239707,3.7518014315325203,3.2742064724800564,2.8432912826538086,3.7518014315325203,3.436937065500297,3.3343349195744985
35,2.9515738487243652,2.2922353744506836,2.229024887084961,1.1736774444580078,0.9092371076706556,1.6160516246692076,0.9535383428978452,1.3466334235673578,0.9461030445092948,2.72305965423584,1.3466334235673578,1.3259851915309113,1.2047251376687473
36,3.182304859161377,0.13202476501464844,1.623487949371338,3.241755485534668,1.4698328899777717,2.7359379679885247,0.7235382034857896,0.6934482562788453,0.3196019676688877,2.183831214904785,2.7359379679885247,0.6753857370144498,0.034869355379041345
37,1.3818368911743164,0.3974189758300781,1.2017478942871094,2.7585744857788086,0.8301231088566716,1.6276512152360123,1.6138918595692857,0.8310157009183019,1.3302825164563217,2.600125312805176,1.6138918595692857,1.3951568876527478,1.318764076528236
38,2.7202072143554688,0.2699871063232422,0.6883563995361328,0.11658239364624023,1.0767956981369586,1.0642194270388083,0.41642309824029766,0.8380039525024738,0.5361246794703796,5.137144088745117,0.6883563995361328,0.6442687745502322,0.5556397367034709
39,3.1791906356811523,1.8139286041259766,2.0369653701782227,2.3739213943481445,1.2615391915394056,0.5467928996039291,1.4465868316630601,1.326743999613809,1.748208615844213,1.2312374114990234,1.4465868316630601,1.7684629982425903,1.7076690518331503
40,0.04124164581298828,0.22808074951171875,0.7012119293212891,0.29320335388183594,1.0711819192275875,1.3380928545679822,1.046331559979798,1.261310799067422,0.44195784324261744,0.04133796691894531,1.0711819192275875,0.930194611721987,0.7695181807028728
41,3.6656599044799805,2.0999393463134766,3.503925323486328,4.980985641479492,2.41800845237824,2.6076723501013905,2.477241886421428,3.1182569530060285,3.108961232208296,3.511723518371582,3.1182569530060285,3.094849286912927,3.1619611344151917
42,3.913320541381836,2.500730514526367,0.2708320617675781,2.4409427642822266,1.6122726550532072,1.970876454457425,1.991401555805199,2.8754317462049315,2.1969760366848465,4.9190826416015625,0.2708320617675781,1.5271537924486918,2.0456001154772796
43,0.3885536193847656,1.7888174057006836,1.795771598815918,1.0491313934326172,1.2885049572991853,2.4459844947417313,1.9404966561510903,1.6025277749183857,1.4403350827093568,3.7937841415405273,1.6025277749183857,1.3973848534270896,1.4086608484680792
44,7.939626693725586,7.220522880554199,8.160126686096191,9.48557186126709,7.223005913171027,8.205057576854287,6.66634736469595,8.701013787431247,7.950159095474447,9.356246948242188,7.939626693725586,7.605159754150447,7.724575941615518
45,2.4466371536254883,1.569751262664795,2.023660659790039,2.537428855895996,1.664974636326237,2.066407043823965,2.0865271202038453,1.6544007420577227,1.6137856186323116,0.9019794464111328,2.0865271202038453,1.9495992026109121,1.6795678644284813
46,0.6027889251708984,0.8117799758911133,2.1223554611206055,4.0541486740112305,1.2294331110176548,1.183951420957678,0.20642448933361557,0.18505708106778584,0.13525799252579063,5.396626949310303,1.183951420957678,0.8946567370907665,0.26327804380519026
47,6.935638427734375,5.344761848449707,6.303174018859863,7.145489692687988,6.881531993472054,6.420009167065231,7.539167679650655,6.514243437024366,6.63550203311803,6.812917709350586,6.881531993472054,6.749607554828197,6.67786735462902
48,7.397791385650635,6.941619396209717,6.75112247467041,2.585494041442871,4.624798389520067,3.5987324631243354,5.215153059147981,3.6274835010428017,5.092774338851102,7.616360187530518,4.624798389520067,5.122310232950731,4.895605967328349
49,0.2583446502685547,1.7019262313842773,1.6750812530517578,2.019296646118164,0.03600224211634995,1.5883185873630161,1.4308132305088481,1.5472121537220485,1.2731238137875387,0.2381591796875,1.5883185873630161,1.5439765455884018,1.3115144895137796
50,3.756077766418457,4.62404727935791,8.168896675109863,6.7662353515625,6.064627662659488,6.114620472665219,6.159163058517509,6.915111486379889,6.071097469083854,5.566932678222656,6.915111486379889,6.430314409148213,6.2655275280244265
51,11.228580474853516,8.00190544128418,10.151886940002441,9.7178955078125,10.905060559594142,10.36866133677988,9.614284392067464,9.34716458966035,9.916929905256808,8.086784362792969,9.34716458966035,10.107850638621098,9.955159066845496
52,0.5859289169311523,0.6829957962036133,2.1558704376220703,1.9533052444458008,0.33585161729808277,0.4147689909637009,0.3085704817424926,0.4570097678498808,0.11272667432539052,0.449432373046875,0.3085704817424926,0.7147736174817485,0.4039125622247717
53,3.683138847351074,3.6525211334228516,5.432756423950195,2.8117990493774414,3.3595489786626356,2.586284943811741,3.924909816527757,2.3819742797571912,3.479116684107611,1.8200159072875977,2.586284943811741,3.2736919619024754,3.2845415981873707
54,4.628326416015625,3.090508460998535,4.957019805908203,0.5439004898071289,4.038881254703128,3.4392729518804632,3.7019044104462964,3.269037732178303,3.322631317790428,3.441563606262207,3.7019044104462964,3.515523302558421,3.5687372627793046
55,1.4971227645874023,1.316488265991211,0.8050317764282227,1.610860824584961,0.36841765179503305,0.062137364112818005,0.9000175934951873,1.0201033326835578,0.5732417555629485,0.3538990020751953,1.0201033326835578,0.991586408330928,0.6619147985156335
56,0.8722076416015625,2.5309925079345703,1.8047943115234375,0.3926239013671875,0.7840688160227991,0.14239459207101746,0.6287223727974389,0.9349791092970712,0.2069515314909669,0.2759208679199219,0.3926239013671875,0.39432042317446303,0.225590900400217
57,2.6268653869628906,1.118988037109375,1.6002006530761719,2.442072868347168,1.3935073448784578,0.17998400664948733,1.219237189332869,0.9902958448901718,1.4463939164058246,0.6837320327758789,1.3935073448784578,1.8028999713514402,1.4523181440008432
58,4.2834272384643555,4.148337364196777,1.6454429626464844,2.691767692565918,3.0895298951742625,3.6267010193794835,3.433740430019041,3.1690942881136603,3.2610051113199976,0.17102622985839844,1.6454429626464844,2.907856992058889,3.1496123950161135
59,1.490431785583496,1.7138457298278809,0.4918251037597656,0.3487062454223633,0.033163244616002174,0.004938536217665046,0.7105927496188276,0.9207301783546473,0.031541341726141425,1.1242389678955078,1.7138457298278809,0.9538429829789941,0.3531952838839967
60,1.540304183959961,2.5194358825683594,1.8901395797729492,2.7720890045166016,3.7638064536144142,3.5293667098986763,3.2946692597226637,3.860501542659751,2.896289077089172,6.190031051635742,1.8901395797729492,2.849776768877293,2.8548660416548053
61,5.734346389770508,3.4722795486450195,5.120229721069336,4.664111137390137,4.355874385768594,4.164534001332402,3.795357529765944,4.2043482329945405,4.438885118342061,1.9506349563598633,4.355874385768594,4.838576820155987,4.648364800372448
62,5.77828311920166,7.452897548675537,6.402776718139648,8.581286430358887,5.412027153040201,5.409748104321078,4.2964591184517005,5.814994371415128,6.143559070450481,5.58701229095459,6.402776718139648,6.410077808981811,5.945102040813385
63,1.1166906356811523,0.9729490280151367,0.9141044616699219,2.5237698554992676,0.09750015842845805,0.9925617057000498,0.025099774232685945,1.0296997794716773,0.20849314282573062,0.7684154510498047,1.1166906356811523,0.09759280205607368,0.1932383152000945
64,5.391930103302002,4.6674299240112305,5.620895862579346,3.6854095458984375,5.164101053982481,4.236471521514872,4.63810518478455,5.117941069808272,4.815285533235148,7.4243693351745605,4.63810518478455,5.124933936355424,4.8011187542384715
65,1.9310016632080078,1.6914825439453125,0.9891133308410645,0.6784968376159668,1.881533377631774,2.5035944583502765,1.2451687184289923,0.962288612609175,1.238056610118555,2.8238344192504883,0.9891133308410645,0.4894665393477009,0.9980011532969169
66,3.2372608184814453,2.37813663482666,2.148721694946289,1.0397138595581055,1.6551240007511225,2.6428859105579914,1.8230731322167557,0.3856430923932965,1.9138198929664583,3.216444969177246,1.0397138595581055,1.915999974532184,1.8230564052052713
67,2.6541919708251953,0.3490161895751953,0.6206550598144531,0.7403068542480469,1.716036914357483,0.4389696686685305,1.45101729314087,1.0956741466456315,0.8908156998120127,0.7739334106445312,1.716036914357483,1.7841238552941139,1.4938090885409636
68,4.08793830871582,1.8600330352783203,1.3054561614990234,2.944512367248535,2.2783640364962494,2.021324765279564,3.300171606056349,1.8276405307164296,2.453180101411286,0.8778753280639648,3.300171606056349,2.5757192926464523,2.533154241269262
69,1.4611215591430664,7.396939754486084,1.0704803466796875,2.2367734909057617,2.2574197275323584,4.451184856640489,1.4443662460188058,1.1326356852830006,2.413745121666235,0.07322502136230469,1.4611215591430664,1.6412906661523081,2.0244058621321646
70,8.621838569641113,5.951906204223633,7.098849296569824,7.587924003601074,6.799336211101538,6.686052690781512,5.688785274392721,6.559532744551552,6.874278124357872,5.3078155517578125,5.951906204223633,7.131353362663068,6.9152944544090715
71,7.4472808837890625,5.414010524749756,6.584525108337402,5.425154685974121,3.578272228007693,3.384666115276195,3.1075873983402467,4.414126476137648,4.919452927576516,1.5834674835205078,4.414126476137648,4.325189489376819,4.491338426757115
72,0.9159374237060547,1.0672321319580078,0.17625141143798828,1.7983932495117188,0.6593045384940748,0.23375700108801745,0.16307898383897523,1.4094344769914873,0.5739392962017771,0.8270044326782227,1.4094344769914873,0.8304240943250409,0.6518972124683344
73,2.8092422485351562,3.9601621627807617,4.2531328201293945,4.254974365234375,4.564070219675628,5.322477369295266,4.338955113969435,5.736175563464926,4.404898732885616,7.613831520080566,3.9601621627807617,3.814524202116914,4.3804224819311095
74,5.267122268676758,6.710871696472168,7.109375,7.670867919921875,6.87042163062773,6.904526156519761,6.453414600360476,7.117034680874021,6.762954244181598,6.427674293518066,6.904526156519761,6.903623711452836,6.777583425707316
75,1.18597412109375,0.5077848434448242,0.15713214874267578,1.5391302108764648,0.051513659618972696,1.2949080215934057,0.9915031305193232,0.7291081943066526,0.10858279238512125,1.4955644607543945,1.18597412109375,0.14886956343185886,0.11703314725293978
76,2.280916213989258,5.413334846496582,0.40872764587402344,0.6697893142700195,2.7659789972397926,5.45856942220613,4.152108573907579,3.6977030317390707,3.003709094246801,3.6417579650878906,5.45856942220613,4.505317428752436,4.060239013801819
77,4.4095869064331055,6.246616363525391,5.280912399291992,7.046602249145508,4.809269704175556,6.127164629191661,5.93297194685754,5.319042289489685,5.646520811013804,0.984461784362793,7.046602249145508,6.3107097847045885,6.136636266351925
78,2.4403886795043945,0.2903270721435547,2.0083847045898438,3.1230993270874023,2.296337820659991,2.0267415167664,2.878965453268025,3.3285550340631733,2.299099951010348,1.6019792556762695,2.0083847045898438,2.563435785534736,2.275338052818867
0,0.2502870559692383,0.7198171615600586,1.2361278533935547,1.0067424774169922,0.841496979650044,0.8310622291743357,0.21763810213895063,0.143630720116942,0.13923107619987363,4.713591575622559,0.21763810213895063,0.6835307930748016,0.2699891695493548
1,1.1516094207763672,0.786931037902832,2.07981014251709,1.4808320999145508,1.9494084355691275,2.010967375190086,1.7098677835928378,1.7128691175876973,1.413554167155615,2.362370491027832,1.9494084355691275,1.674053640450989,1.589663534437829
2,0.2572927474975586,1.4383354187011719,1.570786476135254,4.297806739807129,1.0711407491141376,0.7348006633294126,0.49431546930924775,1.376138257942717,1.2814981979022662,4.040424346923828,0.7348006633294126,2.061965487610278,1.2957182226048154
3,2.504375457763672,3.8148717880249023,2.1152267456054688,1.3329687118530273,4.008875559060115,4.044784418796471,3.0863473518006117,3.334416506066775,3.03023331737138,5.1461286544799805,2.504375457763672,2.5685271576538398,2.8044668601345357
4,3.1375417709350586,4.112273216247559,4.0847272872924805,2.0827417373657227,3.9446282043140837,3.783980029877526,3.71274800051334,3.5739774815925163,3.554077216017287,2.6055679321289062,2.0827417373657227,3.0268112411977146,3.4010904614144835
5,2.167409896850586,1.1338748931884766,0.640385627746582,1.1776695251464844,0.7346165894769925,0.3280715922430293,0.32286616587197337,0.448276692416135,0.5856776495704139,2.0788869857788086,0.448276692416135,0.6250619044202921,0.4873502289769345
6,0.8641386032104492,2.1251773834228516,1.3639612197875977,2.303434371948242,1.5290318989991167,1.7909552587070152,0.84632297623358,1.6382792438481548,1.5576626195196255,0.6264867782592773,2.303434371948242,2.0201832213036397,1.7530127706823002
7,1.4098081588745117,2.2182397842407227,0.022739410400390625,0.5870733261108398,1.9322332098209678,1.9949627507295684,2.5885648905134744,1.9192694594379827,1.5841113737660564,0.8690338134765625,1.9322332098209678,1.9863737571522702,1.5839582579167093
8,2.4920883178710938,1.412851333618164,2.682326316833496,2.257007598876953,1.8839013112283194,1.8295516992729084,2.2474249029412494,1.6162091488966421,2.052670078692353,1.0605010986328125,1.6162091488966421,2.1309109367016283,2.137303930615019
9,1.325392723083496,0.35109710693359375,1.9791021347045898,1.6742534637451172,0.5201189317982067,1.4047581133652027,1.4633363700438764,0.48882517287252014,0.7322971361320469,1.3619251251220703,1.4047581133652027,1.1633434804606324,0.8184786062457121
10,5.890978813171387,4.730140686035156,6.460485458374023,5.333864212036133,5.85424419609298,3.3517797716059423,3.315485365419754,3.3458956888968103,4.785359273954024,7.094539165496826,5.333864212036133,5.0538824393733215,5.0128425230837195
11,1.3920135498046875,2.422456741333008,3.794569492340088,0.5224885940551758,1.1011272217746395,0.9052537504610392,0.41680190651481475,0.24701812320650163,0.6139798385891986,2.14907169342041,1.3920135498046875,0.8513435749787472,0.7534278010971835
12,0.39153003692626953,2.0685348510742188,0.09478282928466797,2.263744831085205,1.654333802481677,0.9063870653327637,1.848794470605558,1.4346373369811136,0.6690244359685664,4.291787624359131,2.263744831085205,0.6880363527027029,0.26909924905575267
13,3.789675712585449,1.1449003219604492,2.770400047302246,4.5825700759887695,2.3770816937621273,1.0175295591437852,2.4604479157856343,2.882165692314432,2.34187129686525,2.4836630821228027,1.1449003219604492,0.2960096051690435,1.3570034229887664
14,1.1723594665527344,0.44185352325439453,0.37210941314697266,0.42977428436279297,1.178451509244951,0.43193742608134045,1.2920344591790194,0.23658245070578232,0.4764808646617027,2.5665502548217773,0.42977428436279297,0.018748660819797536,0.17440296572134528
15,1.2418975830078125,0.7268133163452148,1.7138185501098633,0.6197042465209961,1.3459749189602146,1.3072993446107013,1.2757890228848847,1.2106301845680338,1.180240895875965,2.6511478424072266,1.2106301845680338,1.0567407488362388,1.1678869400575511
16,3.9001283645629883,2.1476545333862305,4.44001579284668,1.0093889236450195,3.455206306450677,3.380255665903002,3.216192304075916,3.326489948472352,3.109416479917858,0.9117012023925781,2.1476545333862305,3.1411701740762012,3.0747926986190066
17,1.9736948013305664,1.7954425811767578,2.7669196128845215,0.7236862182617188,0.49056594029356226,0.4145436281818107,0.7765693938350928,1.3655053291974166,0.103212334591408,1.198430061340332,1.9736948013305664,0.710119525401506,0.12322441741659418
18,2.577939987182617,1.0138025283813477,0.5379190444946289,2.530207633972168,2.7247841819637113,2.5594579860651,2.557298393766537,3.002587146744119,2.1879996128212795,1.1877622604370117,2.5594579860651,2.037411938546139,2.210576428554333
19,4.513057708740234,4.733556747436523,4.985064506530762,5.123466491699219,4.4290826828877865,4.4473166028182884,4.6521833769086545,4.424717410020683,4.663555690880269,6.013126373291016,4.424717410020683,4.695929969105212,4.675081678852379
20,2.7146663665771484,6.314233779907227,6.526589393615723,6.351573944091797,5.914073757714911,4.63341305895711,6.0968866323571245,4.844519890873057,5.4244946030117625,5.782560348510742,2.7146663665771484,4.797036664062876,5.278181422669407
21,3.315047264099121,2.5010366439819336,4.488100051879883,2.4408626556396484,4.250117945270333,5.013745969831316,4.669532876168214,4.628514182087564,3.9133696986197517,3.0405778884887695,4.628514182087564,4.047413633570228,3.994950820756298
22,4.93006706237793,3.452925682067871,5.129213333129883,4.862236976623535,6.229145635800473,6.0636646912119705,5.667134056734582,6.208522135675109,5.31786369670267,4.23153018951416,5.129213333129883,4.772530550328973,5.218084669849695
23,6.770367622375488,6.892351150512695,4.442483901977539,2.323822021484375,3.1589885824252235,3.7136759763621185,3.6809330605808697,3.1554573165284925,4.26725995403085,0.9822540283203125,3.1589885824252235,4.610059353077736,4.326323874852097
24,1.1316537857055664,2.956012725830078,2.5028905868530273,0.21848678588867188,2.227037282984732,1.6853898789747621,1.7729855021643282,3.132550424105407,1.8987541750911525,3.1792654991149902,1.6853898789747621,2.424156963073324,2.1251707959495008
25,1.8160629272460938,4.211430549621582,2.030508041381836,0.9506063461303711,1.8444236594119712,2.596785426870447,2.373136708697757,1.7596279140650957,2.197822696678145,1.1458587646484375,1.7596279140650957,2.220906587914552,2.269423349494353
26,5.217887878417969,2.323550224304199,7.058758735656738,0.16462397575378418,5.236916265979012,3.644247747761214,5.392650406829095,4.701607997064407,4.176374410032356,5.558100700378418,7.058758735656738,4.305917543216843,4.323664489136359
27,6.043432235717773,9.42267894744873,4.1987504959106445,6.524596214294434,5.455975443088256,6.2947175694863695,6.402264908883575,6.780244126256614,6.3903324926358,5.549002647399902,6.043432235717773,5.296745341629984,6.260365008195217
28,11.375486373901367,10.353620529174805,10.568774223327637,11.717860221862793,11.250865927424561,10.074447556847705,11.725953783689873,11.645015131872698,11.08900296851268,13.902295112609863,11.645015131872698,11.087530585323382,11.217017199642868
29,3.485250473022461,3.6573801040649414,6.35167121887207,3.154428482055664,3.3443460368225644,3.0911300230011935,3.6615935124628454,3.347959980775679,3.7617199788846776,3.374495506286621,6.35167121887207,4.681140054887557,4.07654853056351
30,0.07469749450683594,0.8631839752197266,1.008011817932129,4.172051429748535,0.7770753478723229,0.5055423528860175,0.5230593513228001,1.424315672005978,0.01958063909855312,2.5431466102600098,0.07469749450683594,0.2680781155631422,0.027688310262060867
31,0.6160154342651367,3.096860885620117,3.89206600189209,3.428431510925293,3.7975520478021068,5.638897348688795,4.829711219465361,4.538852723069635,3.5757945378997817,5.904465675354004,5.638897348688795,4.610508949103345,4.204261698147253
32,1.8646183013916016,1.0527610778808594,1.368891716003418,1.297837257385254,0.21313875917659963,0.2622209552956747,0.06831317102582268,0.7209223182648685,0.0734584099407467,3.077259063720703,0.2622209552956747,0.6041333200692875,0.01714015011707737
33,5.432732105255127,3.7988758087158203,3.6387062072753906,5.425361633300781,4.089758227607113,5.811200706700706,5.468137925435285,5.9010138621121095,4.945723309550292,2.8822240829467773,5.425361633300781,5.047077985908961,5.0090157913441615
34,2.140911102294922,0.6972770690917969,3.513361930847168,1.4488134384155273,0.9703470777435523,1.6173678235027253,0.8868182497294246,0.007153374742381757,1.4084679146103412,1.5863962173461914,0.9703470777435523,1.3434352658549216,1.3461039799996133
35,3.727635383605957,2.439976692199707,3.7857160568237305,2.155344009399414,2.922725380409444,2.4261499461812086,3.5512636369891215,2.9827397232782413,2.9989438536108537,5.7422685623168945,2.9827397232782413,2.675809803202249,2.84730464587396
36,3.5293655395507812,4.373920679092407,3.389754295349121,1.201456069946289,2.852224358974359,0.45109788795083006,1.8050280830280823,0.6480076006865048,2.2813568143222973,0.02674102783203125,4.373920679092407,2.833324041819492,2.4168423699056314
37,10.501136302947998,7.298608303070068,5.161420822143555,4.288582801818848,5.446459166760103,5.862940627829575,5.685689796714975,4.703165389213206,6.118500401312291,8.162524223327637,5.862940627829575,5.454258100940045,5.800472471078093
38,0.23019790649414062,1.1587982177734375,3.551694869995117,0.09232139587402344,0.19018598968182232,0.175329430105446,0.2139508542935662,0.0022778529386080493,0.6212147390524798,0.08020591735839844,0.175329430105446,0.4570398024631679,0.48378874122968085
39,2.4827136993408203,2.5548601150512695,3.401611328125,3.199580192565918,3.5866389515194097,3.6933281245653458,3.4115169935435716,3.7014725734796414,3.2539652472738716,1.7109289169311523,2.4827136993408203,3.139219039604747,3.187012589822624
40,10.549015522003174,9.770459175109863,6.002740859985352,4.004525184631348,4.984889854177048,6.34669336425797,4.995227104992875,4.527566568742927,6.3976397042375694,5.883903503417969,4.527566568742927,4.834276644805442,5.908536112347688
41,4.461731910705566,0.06024932861328125,0.2765159606933594,0.4771137237548828,0.9456273174701959,0.6102180956156182,1.3050887937204312,0.35801353768181343,0.2623949595036734,0.6946163177490234,0.4771137237548828,0.3296290089101763,0.24704500249502104
42,1.0359554290771484,1.6622252464294434,1.6048450469970703,0.11317062377929688,1.9585734581398757,1.906626992170537,2.148249005320718,1.7934969682731623,1.1123365346660457,0.7236518859863281,1.906626992170537,0.48743133933357896,0.7218591975125968
43,4.651313781738281,2.19003963470459,4.40694522857666,4.083990097045898,2.3451274066725674,2.025968904043891,2.16379920430475,2.7678179751846432,3.0793752790339113,0.17116069793701172,4.083990097045898,3.6868583095805914,3.173956730125994
44,3.881795883178711,0.2369842529296875,0.5956258773803711,1.0448970794677734,1.1706818768133989,1.1062866139508198,0.15137966704824812,1.5829140678787432,0.9753232154913931,2.8035268783569336,1.1706818768133989,0.8965318952653192,1.0578402234162958
45,2.068185806274414,4.600337028503418,5.493894577026367,4.6985063552856445,3.189334674899362,3.8547273244233136,4.282787371311102,3.791358920149774,3.997391507234175,3.3069496154785156,4.6985063552856445,4.000920176080074,3.9966907531981875
46,1.7527003288269043,1.5796380043029785,2.2565698623657227,1.9831323623657227,0.7778649843572811,0.38748365582081234,0.7484953539596635,1.8819413387703445,0.023751187472278446,2.4944849014282227,1.7527003288269043,1.3610483267319164,0.7298262799316513
47,0.552337646484375,0.17652320861816406,1.3419408798217773,0.04886627197265625,2.1852784421116187,2.3621101417462302,1.8496824305382216,1.525556739902532,1.0730717563738121,6.2291669845581055,1.525556739902532,1.9646480664166965,1.4032636448804219
48,1.8977012634277344,0.9423465728759766,0.09688282012939453,1.399643898010254,1.190512559566109,1.229138775078706,1.126078901081053,0.9085035372951236,1.0988510409330434,1.3584909439086914,0.9423465728759766,1.1355408283253574,1.062328292494911
49,2.5952820777893066,3.3543124198913574,0.5995473861694336,1.4097719192504883,0.8765330738563382,0.6135872302823309,0.2496523008493039,0.7374164002756434,0.7511386359701717,2.1072282791137695,0.6135872302823309,1.5008778596937127,1.0155555646888939
50,4.525616645812988,4.862021446228027,2.773090362548828,3.978938102722168,2.2374191260017025,2.463942219408521,2.2810200447180478,3.311638080017355,3.304210753432205,2.548158645629883,2.2374191260017025,2.5120219410726055,3.059284480802704
51,6.744118690490723,5.125332832336426,5.41348934173584,3.4847984313964844,3.380121433366055,3.897536019171527,3.8984553388237675,4.253087134179179,4.5246174026875,5.532602310180664,3.4847984313964844,3.658349137140174,4.109769361532365
52,1.376699447631836,2.002470016479492,6.928957939147949,6.051448822021484,4.294486410504966,3.312422547295654,3.9474955699695347,4.973664889431342,4.110955705310282,5.057428359985352,6.051448822021484,4.550282910668908,4.127708986779741
53,6.823195934295654,2.95523738861084,5.157107353210449,5.712584495544434,3.0104221826702657,2.7669952145999517,2.9312699340650354,2.3111381459978872,3.958493831124315,0.81964111328125,3.0104221826702657,5.014174971706147,4.172795795269547
54,2.040689468383789,2.0079708099365234,3.8765954971313477,3.127934455871582,1.3163815561324608,0.42041048945285553,1.339688381537135,1.098993467594351,1.9035830157550055,3.2291669845581055,3.127934455871582,2.1152011101243886,2.0623271836777732
55,0.6184320449829102,0.6942434310913086,3.5493526458740234,0.10324764251708984,1.0245105060140602,0.7435823487151811,0.9282091871852405,0.43937435716534523,0.8580110091974174,1.8724365234375,0.9282091871852405,1.3286512402528743,0.9943386170214197
56,5.265519142150879,4.525307655334473,3.7537832260131836,3.2569637298583984,2.591121955385516,3.0329558125934497,3.31901689531694,1.8918624579904275,3.454566359330409,3.44851016998291,3.7537832260131836,3.321661598972062,3.398572385381634
57,0.6894655227661133,0.17085838317871094,1.8709821701049805,0.502924919128418,0.7334766509280257,0.5578259815714048,0.3192526885425977,0.05694580113866188,0.2576678581168892,3.6356401443481445,0.5578259815714048,0.02329528673114467,0.26643679326299363
58,1.8811149597167969,2.721940040588379,0.6616621017456055,0.7105865478515625,1.9132506156942188,1.3468819984623543,1.5464792591040766,1.3161757162123529,0.8643360280298289,4.2543182373046875,0.7105865478515625,0.5729969785430882,0.6738127938718925
59,9.256160736083984,7.156533241271973,7.456223487854004,5.917189598083496,6.761248870798534,6.963464045467244,7.063497084002796,6.939066896399751,7.189172994995223,3.6690053939819336,9.256160736083984,8.02773921753719,7.656824940744329
60,0.4485931396484375,0.7390327453613281,2.4606971740722656,2.2887744903564453,1.5804353467432435,1.1725310755708236,1.1294887614294105,2.079645888372772,1.4873998276943396,2.6996164321899414,1.5804353467432435,1.2496849317780843,1.4157940452591316
61,0.23749828338623047,2.046741485595703,1.092707633972168,0.024230003356933594,0.3434460154956849,1.479767311395431,0.5952624978216541,1.0012137966143584,0.5200568991151702,1.9545097351074219,0.024230003356933594,0.5336767284812183,0.5953111661576962
62,3.7135791778564453,1.6211442947387695,1.9309453964233398,4.598872184753418,3.3541115369613674,3.4383358148257646,2.8302825313820037,3.1898498757404745,3.0846401015851974,1.8026752471923828,3.1898498757404745,3.6700837562199045,3.4475010920367666
63,0.7737722396850586,1.1080923080444336,0.4376993179321289,0.6118230819702148,0.2517127998455848,0.30176054506711836,0.9703074392411342,0.33913572738669195,0.2521234005742876,5.219744682312012,0.2517127998455848,0.34768822075570327,0.3016327242768373
64,0.06134319305419922,0.04475975036621094,0.30393314361572266,0.17857837677001953,0.013348233596529369,0.5925526221234421,0.481738705746416,0.49305547094384394,0.2111832945709935,2.20674991607666,0.49305547094384394,0.3434600523625342,0.2587957604787441
65,4.593203544616699,4.336108207702637,3.7954139709472656,3.6924266815185547,4.7952439346107045,4.486443061561948,5.3914127243397285,4.801665788154837,4.486489739181547,1.107142448425293,4.486443061561948,4.194610668956646,4.359713702447202
66,3.110335350036621,4.796356201171875,3.9362525939941406,4.570349216461182,1.7398752974343896,1.298937772602189,1.9804918786988601,1.388409871862585,2.8526260227827303,1.3651361465454102,1.298937772602189,1.4375227619146997,2.349440305401213
67,3.021603584289551,2.9276485443115234,4.053723335266113,3.197589874267578,2.5894426740346717,2.6612643792334296,3.492232619311981,1.2859692073558193,2.903684277258833,2.6223926544189453,3.197589874267578,2.3743336203943883,2.6839726540557756
68,6.760838985443115,5.834753036499023,7.651561260223389,8.647679805755615,6.434974315666426,5.5089963887541735,5.285498369463891,5.996661844026486,6.515120500729015,1.7170677185058594,5.834753036499023,7.1417036080129535,6.754112792344448
69,6.259443759918213,7.964147090911865,9.588415145874023,13.020659446716309,10.217960173063561,10.823772555362494,12.025478259577833,8.70410151550593,9.825497243366279,10.604674339294434,12.025478259577833,9.774393260724802,10.116168369493622
70,4.5933027267456055,2.7842559814453125,4.252272605895996,3.170346260070801,3.0900728016062082,4.041504827637837,4.649719248512788,3.2216221339385704,3.7253870732316408,1.0371112823486328,4.041504827637837,3.5630730974774067,3.6198468583277936
71,2.382418155670166,1.7372827529907227,0.43320274353027344,0.531062126159668,0.7946040044749179,0.755335645940491,0.37427862532724454,0.04666591871252734,0.25870164686794794,0.06870555877685547,1.7372827529907227,0.8234297060133287,0.1491102549422081
72,5.30643367767334,6.019135475158691,2.017263412475586,4.047794342041016,4.75497114624061,4.867980719788655,2.4229842320686164,4.05335956501281,4.186240321307416,8.537079811096191,2.4229842320686164,2.9930538546047654,3.53826676230193
73,0.8804693222045898,0.6795759201049805,1.7787370681762695,0.6353006362915039,0.5452950091148026,0.5847583523084179,0.01874137816318644,0.1646921371881298,0.11245717819920387,0.035744667053222656,0.6795759201049805,0.0343434037891015,0.10101045087829341
74,0.4554166793823242,3.1387157440185547,6.180330276489258,3.0305004119873047,3.1199399330371254,2.7075457015054685,3.6451037680985436,3.091441470534768,3.171124248131669,2.8905534744262695,0.4554166793823242,2.6486305212389656,2.8619308988230827
75,3.299506187438965,1.305445671081543,4.052729606628418,2.656294822692871,2.27076776135009,2.1040123651706057,2.0661524744079998,3.551672273932887,2.6633226453379226,3.2044849395751953,3.299506187438965,2.8090067845687265,2.7130935215743133
76,1.3419718742370605,3.197903633117676,1.4646492004394531,2.41253662109375,3.440941854585315,5.423614027189428,3.1048307007005516,3.8203888488816418,2.6903616264713444,2.7146668434143066,3.440941854585315,3.4611228194379535,3.087243588292493
77,3.8624143600463867,4.7406768798828125,4.307295799255371,4.268947601318359,5.216279155315581,5.29151014927279,5.3549768865357485,4.868244745328187,4.738793197119405,5.968484878540039,5.3549768865357485,4.823117773247343,4.777023769792617
78,2.052666664123535,0.5375251770019531,1.0257954597473145,1.366879940032959,0.025776703324568828,0.8926374057269912,2.1774736244937847,0.3598293919260689,1.0483788699660046,0.7522344589233398,2.1774736244937847,1.2875055156522777,1.0867318403694082
0,7.749275207519531,6.865395545959473,5.9946441650390625,4.5985822677612305,6.189704948890512,5.658946168047741,5.977962288965697,5.838052411085464,6.109070375408589,8.187695503234863,5.658946168047741,6.024867894901858,6.116924267068768
1,0.15279293060302734,1.1059389114379883,0.12890911102294922,1.0460691452026367,1.0374076108484953,0.7386256842149219,0.4063953209778557,1.3412171683136052,0.4127266886205323,2.3058595657348633,0.7386256842149219,0.5149574323355601,0.5092821443067166
2,2.1862030029296875,4.941143035888672,4.747287750244141,3.5125732421875,3.3779833158267394,3.96115273946873,5.975294190962206,3.562304215095473,4.032992686575394,1.9890022277832031,3.5125732421875,3.121171006298299,3.556234312242516
3,3.7691478729248047,2.5900564193725586,1.6523065567016602,4.199894905090332,4.195239530995156,4.464366878066432,4.093615419762191,3.691492428543734,3.582015001432108,3.6797399520874023,4.199894905090332,3.45067082049764,3.53022533408374
4,3.476346015930176,3.332996368408203,3.002168655395508,1.469212532043457,1.2503722327558098,2.339873727163324,1.9913905184786866,2.071991499109963,2.3667939436606407,0.041665077209472656,1.469212532043457,1.8088876766377098,2.2408410440428828
5,1.198740005493164,4.5137786865234375,2.386434555053711,1.8400583267211914,0.9393052841112404,2.1784306572254195,1.138989198583209,1.8293152490145026,1.085788101406811,1.8692073822021484,1.8400583267211914,0.7527192774818428,0.40376335268859975
6,0.816523551940918,1.6470470428466797,1.0922670364379883,0.2813434600830078,0.03740714942582812,0.005867082323588235,0.4345423894111917,0.19463236569782794,0.014703477074503368,1.1142053604125977,1.6470470428466797,0.722371192102278,0.29156673475500483
7,5.119531631469727,6.542816162109375,4.048362731933594,6.780036926269531,4.336529922231438,3.5316107529775813,4.091344604548079,4.391283853004607,4.855189573067992,5.275139808654785,4.391283853004607,4.196293405731346,4.816752516114695
8,3.82550048828125,4.793050765991211,7.608034133911133,1.8041410446166992,2.284187492331638,2.834426135202044,2.25962595059994,2.035794163936858,3.4305950218588457,0.1225118637084961,2.035794163936858,2.16727383761668,2.8294057425997394
9,4.169801712036133,3.0161657333374023,2.476461410522461,2.486849784851074,3.2800479113420753,2.4141939470881404,3.3652054690522437,2.9283061766801097,3.017129018113705,2.0048255920410156,3.0161657333374023,2.729681033572433,2.9725575684008305
10,3.4689035415649414,3.3920769691467285,1.820948600769043,1.488168716430664,2.1459999751504846,2.255064474615347,1.9633939049148257,0.9951456328177546,1.7359755767339635,0.9121255874633789,1.9633939049148257,1.0251193146980295,1.5355132882830684
11,3.346529960632324,2.316129684448242,4.016396522521973,2.0970191955566406,3.5807199297464667,3.6111219765438953,3.9073785554004186,3.841991125628745,3.3396608688098386,2.180227279663086,2.0970191955566406,2.60974347996361,3.2101554845373386
12,0.4127464294433594,1.9326362609863281,1.436558723449707,0.8187532424926758,0.34669751865698295,1.2100800810753416,0.700129021513531,0.4282014841228019,0.8075387378567509,2.611783027648926,1.9326362609863281,1.221697616991694,1.0474546406444318
13,8.029044151306152,2.9189453125,5.523838043212891,3.807061195373535,4.239339637595897,4.0871843765322495,3.2228400186371093,3.3309942700542123,4.3949058756515065,0.9151439666748047,3.807061195373535,4.808148340247328,4.408520317909865
14,3.7118263244628906,3.7913341522216797,6.146346092224121,6.870918273925781,4.01483780009745,4.514335325525936,5.358252507040138,4.963120076881616,4.921371319047452,3.8516759872436523,4.01483780009745,4.432255797226283,4.706592418629379
15,1.1670703887939453,0.3680248260498047,1.3935766220092773,3.2123184204101562,2.370864500563709,1.0135741561045606,1.2490970345186625,2.5697841894025686,1.5760325607191348,1.5192384719848633,2.5697841894025686,1.7311811036433902,1.8404447857253103
16,1.3484821319580078,1.1445245742797852,0.06429672241210938,1.7540311813354492,0.35658366061761626,0.3963142477283146,1.721131354512714,0.29006687694491795,0.10880051540025093,1.4995346069335938,1.3484821319580078,1.0387409522826214,0.21304637551484618
17,1.175755500793457,2.6705121994018555,2.759122848510742,2.769746780395508,2.3611117889598088,1.894196517439621,2.2908746991968467,2.54665998428427,2.3084975398727643,3.403470039367676,2.6705121994018555,2.010298360647594,2.252037023688395
18,6.869576454162598,8.316747665405273,6.2358808517456055,6.69466495513916,6.134045795593238,6.584592395974115,5.649834836582608,5.697286324452843,6.522828659881931,7.082854270935059,6.134045795593238,6.518698114328771,6.527577056961775
19,3.810312271118164,4.373527526855469,5.394375801086426,9.638053894042969,3.9299663456425584,3.0502794911707447,4.297533326173955,4.461305956540468,4.869419326578845,5.237215042114258,4.297533326173955,4.626523185266429,4.976336322452887
20,5.567208290100098,3.4872026443481445,1.7508621215820312,1.551919937133789,1.6590877879455306,1.806363262786519,1.3639183728239157,1.6569524361211343,1.9674593723216987,1.0390396118164062,1.6569524361211343,0.5832301097058732,1.7395785666358101
21,3.820413589477539,5.144735336303711,4.777381896972656,4.926794052124023,3.2422998774085325,3.6572921742749074,3.4930525257695244,4.17427260340197,4.154530256966609,4.091449737548828,4.17427260340197,4.194194030626033,4.154731158005866
22,0.8692874908447266,0.17681407928466797,0.45632266998291016,0.05405998229980469,0.8475617426277307,1.2112219753198357,1.2478115358949982,0.36460888796864666,0.3085435097460554,0.5274276733398438,0.05405998229980469,0.13010741923666203,0.023130697317832016
23,5.4144697189331055,3.702845573425293,5.787265777587891,1.2414679527282715,5.759308226481467,5.5348978626365035,3.8287372242388713,4.721606755852269,4.498824886485458,5.417220115661621,5.4144697189331055,3.600151162649496,4.374886763349634
24,6.757072448730469,2.843923568725586,3.58560848236084,4.6351776123046875,2.898160508095261,3.1624243627731534,2.57551864663815,3.609171976042033,3.7583822007087733,0.4956693649291992,3.58560848236084,3.2256674118568966,3.451453655740849
25,1.6477627754211426,1.5517091751098633,0.9308986663818359,0.5373506546020508,0.8051406789613456,0.9297429208089092,1.7919571616984804,1.298258011760959,0.7746618117377881,3.9367570877075195,1.298258011760959,0.9514698276370908,0.7521804199557494
26,2.9063644409179688,5.023073196411133,1.8243989944458008,1.7098875045776367,4.0360439802459815,4.812791602072865,3.7604966978630934,3.7046380900358216,3.4722118133212874,1.0425453186035156,3.7604966978630934,3.504331985558938,3.4416966251330496
27,2.4445581436157227,6.006884574890137,5.673031806945801,4.9804840087890625,3.7883331795415778,3.3427293116506895,2.71216375782147,3.0493557516755256,3.9996925668662477,3.9325551986694336,3.3427293116506895,3.279661716103128,3.780113676494871
28,3.709066390991211,0.29360008239746094,1.1107892990112305,1.6505060195922852,3.0947175979186134,2.7840631608606827,2.974196492391954,2.466573426242567,2.187039038076385,2.984482765197754,2.7840631608606827,1.3623094446534054,1.8180415399864902
29,1.4760932922363281,0.5447463989257812,0.6395044326782227,1.598078727722168,0.14082291511731881,1.6206660802563722,1.0958168094965988,0.4716139775914332,0.4992458981748378,2.5899534225463867,1.4760932922363281,0.31218426999804016,0.5187908982084242
30,3.543320655822754,4.744441986083984,3.5185985565185547,4.261220932006836,3.9837783349953355,3.000726684337815,2.2533150597013716,2.215456490158056,3.440107337453089,2.3997488021850586,3.9837783349953355,3.6335155591657973,3.3845138062104603
31,5.880624771118164,9.669072151184082,8.593165397644043,7.767982482910156,9.635866123916083,9.331693180459034,8.312709914128689,9.664678985550857,8.60697412586389,10.336862564086914,9.669072151184082,9.191253404386437,9.08523871907098
32,2.516437530517578,0.7398586273193359,1.439234733581543,2.200240135192871,2.1180642567803787,2.539394857134532,2.05490872012275,2.319054702786591,1.9908991954294475,1.8460578918457031,2.539394857134532,1.7826412784392893,1.890809259705204
33,5.480146408081055,9.8970308303833,4.890808582305908,5.499216556549072,8.612185214905374,9.202981956757291,10.848711202716748,9.330018893076138,7.970137455596861,12.145549774169922,9.202981956757291,9.726618838680423,9.203713378026405
34,5.123405456542969,3.6397647857666016,2.141453742980957,7.059374809265137,5.482851390204985,4.857793568558536,4.338713842003571,4.978986556811456,4.702793019016777,5.663962364196777,4.857793568558536,4.896321733205834,4.799048397049523
35,4.310000658035278,1.763160228729248,6.3166099190711975,6.442179799079895,0.8338421846363353,0.779888767310144,2.40473591439509,3.6598102552811,3.313778465817286,1.794370174407959,1.763160228729248,2.753118933000259,3.421279707947175
36,3.0729475021362305,1.119420051574707,0.8485498428344727,1.5010614395141602,3.0028588597436237,0.41185086075531885,2.1284968172726177,0.7675907325653561,0.9514766405273427,3.995182991027832,0.41185086075531885,0.43919723285733525,0.7868640236653359
37,10.21239185333252,10.51545238494873,11.325804710388184,8.294266700744629,9.84211979091211,9.411513157130663,9.383058705081739,10.475191961033035,9.932474907946451,11.44981575012207,11.325804710388184,10.196650029227197,10.139879591727016
38,0.8374538421630859,0.6774387359619141,1.6842451095581055,0.23090076446533203,0.023283614400970265,0.2652470148423962,0.5482165528601577,0.48870641033129836,0.2774805736587105,0.9152507781982422,0.5482165528601577,0.41966686511756635,0.27135291579718057
39,6.336528778076172,3.056767463684082,1.6740522384643555,1.490821123123169,4.130469002052012,2.4630640539699913,2.4866983474156177,0.9112194985297251,2.4459972823835985,2.9838294982910156,1.490821123123169,0.4677013075799845,1.9050157616890564
40,6.0702924728393555,6.477669715881348,5.653759956359863,5.586819648742676,6.395974847789093,6.373151443915839,6.202102661600225,5.970562447963818,6.091291649386527,4.963217735290527,6.477669715881348,6.258597917484341,6.163522953148529
41,0.8134031295776367,1.4003725051879883,0.18199634552001953,0.327301025390625,0.30832962492685745,0.21713797757969822,0.049891255025297454,0.964079656319873,0.2022388058729927,2.0760040283203125,1.4003725051879883,0.5209616329621731,0.281257367421059
42,4.434296607971191,5.836185455322266,2.5967788696289062,4.307952880859375,3.9422057198378404,4.723746753260825,3.7720769609791205,4.96801705403678,4.322657537737037,3.07357120513916,4.307952880859375,3.6220067444075905,4.315672031780439
43,2.812349319458008,5.31389045715332,5.703987121582031,3.6991796493530273,2.5017462929953,2.7813146639103774,2.735761508373958,2.8783375404882676,3.553320819164286,5.265768051147461,2.8783375404882676,2.745630173127328,3.2545058507839535
44,5.368413925170898,5.214846611022949,7.173956871032715,4.111728668212891,5.121947380498831,5.56706704246062,4.744470133336254,5.159184314606028,5.307701868292648,4.535460472106934,5.368413925170898,5.241114494660515,5.277794196027571
45,1.5251226425170898,0.8802046775817871,1.0870323181152344,1.9779367446899414,0.28774337226231417,0.5367027353061609,1.1601513352950228,0.22518187988052585,0.40922980706339285,1.4859132766723633,0.5367027353061609,0.08932012903730424,0.10576738181545231
46,6.907868385314941,2.499601364135742,1.9086647033691406,1.9203195571899414,2.895841312580357,2.077712072432986,1.099300791587103,1.9820588333705516,2.661420877497596,0.22711467742919922,1.9203195571899414,1.9328505871092396,2.646660902545271
47,7.165027618408203,4.472439765930176,4.47899055480957,3.8965940475463867,5.439440352657362,4.81378772436844,4.6839809264244945,5.339842936999972,5.036262990893075,7.417397499084473,4.81378772436844,4.919037033177604,5.045675292563024
48,3.3635339736938477,5.033604621887207,2.9449329376220703,2.7474822998046875,3.5990187646937972,3.458927532271808,3.994211343567036,4.31039466659983,3.681513267517534,0.10345268249511719,3.3635339736938477,3.237049796622756,3.6216478300105663
49,1.7600765228271484,1.5594654083251953,1.2852554321289062,0.8510351181030273,1.318489964350663,0.7413733200458132,1.4358198491372054,1.3995374231917754,0.36994264012443523,2.3687362670898438,1.318489964350663,0.9905451677490973,0.8012251274266582
50,5.503754615783691,5.7947187423706055,3.4184350967407227,6.789365768432617,4.037830084855273,3.8928555721320848,4.061801677041892,4.101510580288149,4.700034017205629,1.9804744720458984,4.037830084855273,4.002033791773021,4.528570287442886
51,1.2777137756347656,0.6241273880004883,1.2731914520263672,1.508005142211914,0.7288276211510016,0.44580764773101933,1.0049542569805912,0.3128777911737757,0.3377299435230121,2.1541757583618164,1.0049542569805912,0.48708514358387944,0.5505099731747265
52,3.3600754737854004,3.9679055213928223,2.3837480545043945,1.8586382865905762,2.00327983763857,0.1819320226307184,0.7995493969914858,0.4157062185356306,1.171490783248693,0.6491632461547852,0.7995493969914858,0.5949577371052932,0.5282838542311499
53,3.263033866882324,4.222701072692871,3.5711584091186523,3.9278430938720703,3.83941553878876,2.46047125284443,2.772075233355215,3.535174642937358,3.4489841388114613,5.949616432189941,3.263033866882324,3.2378428663156456,3.475325873957857
54,0.500823974609375,2.694459915161133,0.887944221496582,1.1935324668884277,1.6593028102766425,0.7991545791787615,1.6749195301150035,1.5411265367265568,1.0705248875844529,1.1638221740722656,0.500823974609375,0.9379204746708911,1.0471077375911744
55,6.841797828674316,6.307872772216797,7.961568832397461,6.325900077819824,6.663414073146644,6.383618864228104,7.252675128298151,6.649272531217482,6.798265013499847,4.6200103759765625,6.325900077819824,6.60729119689819,6.780601453028506
56,1.1218929290771484,5.1988396644592285,6.29901123046875,1.5051889419555664,2.150538793303401,2.02819809737988,3.4656899933044354,0.9343218147548651,2.83796018308791,1.3904094696044922,2.02819809737988,4.032799792552023,3.076440361238987
57,2.539186477661133,2.627568244934082,3.3941965103149414,2.317310333251953,1.0831668490777275,0.2556513570068031,1.8354717599815054,0.2975727587465933,0.3464722718556965,1.3681674003601074,2.539186477661133,1.5915869437683057,0.6452222309977831
58,3.8457040786743164,1.575775146484375,2.7963485717773438,3.6860170364379883,1.6496938873117806,2.0491963048455997,1.9632538265001678,2.1903291976457595,2.4695397562096666,0.835759162902832,3.8457040786743164,3.158348872927096,2.605659320125456
59,1.2461366653442383,1.1482524871826172,1.111903190612793,1.5792465209960938,1.2663602676370367,0.9057407558547883,0.6197336517990326,0.8880511487554799,0.8177022883695617,0.7934370040893555,0.6197336517990326,0.9143735169619749,0.7998602795424823
60,7.7125563621521,9.880128860473633,8.562386512756348,2.688833236694336,6.060734882127151,6.0058029323661515,6.035038592417636,4.684075424283414,6.453694600408846,2.313404083251953,6.060734882127151,6.5763522764531945,6.5777165903620896
61,0.19828128814697266,3.3822641372680664,2.4344305992126465,4.164381980895996,1.0766358273087402,0.8312072092572063,0.6636339661192512,1.9349933789552907,0.3319845422385992,3.6186342239379883,0.19828128814697266,0.3334187171749363,0.5318494070712383
62,0.70758056640625,0.443359375,0.006709098815917969,2.4277524948120117,0.43009822057774727,0.47591500253358987,0.7415495457379269,0.9760842952489881,0.38087153439555443,5.036416530609131,0.43009822057774727,0.30447211607750724,0.3873007262284389
63,2.73286771774292,4.443785667419434,4.866403102874756,3.907634735107422,0.23312786814983433,1.536484780282799,0.2886302050126286,0.15943633514230449,2.2710463014665123,1.8445672988891602,0.2886302050126286,0.5403986742120033,1.628141450476475
64,8.389164447784424,8.455610990524292,7.039523124694824,3.376964569091797,4.973961226044667,5.789287340627558,5.4309741963018086,3.506419811488593,5.8702382133197455,2.496159553527832,8.455610990524292,7.42110929087254,6.683657453238641
65,0.9903974533081055,6.4770965576171875,0.3176698684692383,1.595566749572754,1.8520831374233264,2.347571204449146,1.0531364252800426,0.9947335156544597,1.953531863971783,3.3454713821411133,0.9947335156544597,1.2702100033237738,1.690728966674019
66,2.4982433319091797,6.885748863220215,1.024226188659668,2.547553062438965,2.041391445796723,1.3584449848581137,2.384096132568189,1.3445272065232512,2.510528901996789,0.8597431182861328,2.384096132568189,1.88669376120035,2.3373406161686408
67,0.31357574462890625,0.1914234161376953,2.252823829650879,0.672337532043457,0.44524720008746677,0.1541566101838061,0.025392024433323,0.02819508207602439,0.2967216238293737,1.9397563934326172,0.1914234161376953,0.1308125191117,0.22494922200889889
68,0.8946437835693359,1.039388656616211,0.37250518798828125,1.693587303161621,1.5071927858333698,1.3808058095914788,0.662056533776644,1.5030732448274993,1.0385303661734842,3.7019901275634766,1.693587303161621,1.4517522612624383,1.2708499796307002
69,4.038122177124023,6.521910667419434,4.129076957702637,7.361038684844971,4.489842882997598,4.690920601739752,4.650022866062615,4.315188707958102,5.024515443231142,4.433541297912598,4.690920601739752,4.5657573200905155,5.052102164335164
70,8.062183380126953,3.333719253540039,3.805788993835449,3.12583065032959,3.8215527605913913,1.709426321712881,2.617234170924073,2.5914916920568363,3.633403402889652,4.502039909362793,8.062183380126953,5.850034669521165,4.461017100258095
71,0.7251911163330078,0.11436748504638672,0.944340705871582,2.4633398056030273,0.5801784823810543,1.0813846658928785,1.0095608520593942,1.38852434744636,0.8570631534959592,1.2771406173706055,2.4633398056030273,1.0605215919718098,0.9063866363941031
72,0.07692337036132812,1.602919578552246,1.7440786361694336,1.060068130493164,0.2726915339252116,0.629275601563343,0.5310969613905119,1.000283806746575,0.21386635607552051,1.8924007415771484,0.07692337036132812,0.44044899054101627,0.004598334882977895
73,3.032573699951172,1.7588157653808594,3.7253599166870117,4.312658309936523,3.033466378385402,2.281178072136562,1.9149353657914823,2.3833212477356263,2.8052885945005794,0.9762430191040039,3.033466378385402,3.204673078936173,2.903738769438956
74,4.232428550720215,1.2506532669067383,2.004155158996582,2.136033058166504,3.8717332694127204,1.2367716390542736,2.505400948202743,1.4741380307525311,2.338914240276539,4.750741958618164,4.232428550720215,2.619626011841973,2.419899540092535
75,0.3017911911010742,1.130788803100586,0.12073707580566406,0.1382923126220703,1.8268184135648209,0.395257079728065,1.2323932597754386,0.7928529217375004,0.45966918140425506,0.9935598373413086,1.2323932597754386,0.3983147689171602,0.5078777915965773
76,11.07072639465332,9.725045204162598,9.421260356903076,10.562110662460327,7.536989319831123,7.261002864663493,5.953598276865838,9.12226626044988,8.831624917498708,2.122614860534668,10.562110662460327,10.203388556199695,9.149105770946313
77,4.552203178405762,2.3469295501708984,1.2140884399414062,5.908819198608398,4.031529757456424,3.73774748604783,4.076705973484442,4.463480131390476,3.791437964438206,5.401602745056152,4.463480131390476,4.114726733839683,4.05653178080399
78,5.909215927124023,4.6478776931762695,7.368508338928223,9.001103401184082,5.748931294349667,5.735006473801555,4.451079293249508,6.335586823778444,6.149663655698971,7.89344596862793,4.6478776931762695,4.984820908987686,5.645896550424645
0,2.96543025970459,2.5288515090942383,4.319462776184082,4.016778945922852,5.332378324846754,4.754258736803003,4.480775226029033,4.855596075744327,4.1566914817911105,8.103263854980469,4.016778945922852,3.7652382102035205,4.128873770724503
1,7.480785369873047,2.528700828552246,4.267356872558594,0.2993965148925781,6.111833158723332,4.4791879983995795,4.929733838222198,5.108434383899489,4.400678620640132,3.5793447494506836,5.108434383899489,4.859621403817208,4.419860052652899
2,0.7142305374145508,0.5119438171386719,1.9102468490600586,0.1616687774658203,1.0788271239126157,3.3343307249829266,1.973784647743825,2.1139961419959103,0.9568996708328275,0.6067867279052734,3.3343307249829266,2.0340303891065794,1.2567830039998853
3,2.1398849487304688,6.146193504333496,5.680548667907715,5.101053237915039,4.831735847550558,5.378642784681508,4.4255743885110945,5.276312669021445,4.872493256081416,2.815601348876953,4.831735847550558,3.786510034470272,4.35456780877454
4,2.342787742614746,5.4318742752075195,4.698355674743652,5.410367012023926,1.9672542960988046,1.2473699033431824,1.4502814956017342,2.051148144252698,3.074929817985783,0.4119844436645508,1.4502814956017342,1.9133865845612057,2.741325347575641
5,1.615229606628418,0.9066028594970703,0.7696008682250977,3.730388641357422,2.3732599522478797,2.6726239873675173,1.7412968572482672,2.7135554024000843,1.838669056997201,1.352217674255371,1.615229606628418,0.7480300059206115,1.6820555490658613
6,3.221834182739258,3.373432159423828,2.664876937866211,2.936720848083496,3.4350758518550446,3.2556123228985534,3.236440542732865,3.072557698068506,3.149568817958471,3.5057449340820312,3.072557698068506,3.2411250583921145,3.164824315028209
7,4.368958473205566,4.042187690734863,5.976783752441406,6.600937843322754,4.266845965795209,4.80986122717381,5.354905995462667,5.107819567979504,5.066037564514472,5.745914459228516,4.368958473205566,5.365833260163811,5.114492317514365
8,4.450229644775391,2.0503311157226562,4.1052093505859375,3.381058692932129,3.537500183355194,3.663438479223812,4.209782729863971,4.462031998900159,3.7324477744199065,7.1085662841796875,4.1052093505859375,4.102984236643692,3.8768909289164704
9,1.5546588897705078,2.6447696685791016,6.118192672729492,3.3722524642944336,5.641906878119746,6.056079887428259,5.908627422849534,5.908016304121764,4.650563023486605,9.237765312194824,5.908627422849534,5.833658378495965,5.045090973327245
10,4.4262495040893555,4.9470062255859375,1.097158432006836,2.898042678833008,3.073739230456736,3.1781925874320276,2.944771693859513,3.0934632232832673,3.2073279469433356,3.3311243057250977,3.0934632232832673,2.433837369615537,2.8950392651609462
11,0.5845422744750977,1.2643537521362305,0.3581819534301758,0.3914051055908203,1.694715983250454,0.09939543291258346,1.3329059299648751,1.7131924671203418,0.25536698272384584,0.5013933181762695,1.694715983250454,1.399512625840046,0.9772424702159377
12,4.528741359710693,0.6924724578857422,4.524212837219238,1.5547027587890625,0.9120550157049472,1.3161558290512634,0.546319586876816,2.069234813909887,0.6339274065362925,0.6026535034179688,0.546319586876816,1.2525525493523375,0.22242312066699021
13,4.098522424697876,0.18879318237304688,0.5770583152770996,0.36334657669067383,0.6423191284578103,0.7586136276408837,0.041494171826578,0.3217444222907986,0.5463251301240195,2.517611503601074,0.5770583152770996,1.7037032016134503,0.9170012276969262
14,2.928534507751465,2.3694753646850586,2.064624786376953,0.7622241973876953,2.5899960529928308,2.625398207213152,2.069051430896822,3.0500789225253513,2.3074229337286667,6.71330451965332,2.625398207213152,2.567080711908069,2.395970809750864
15,0.7688169479370117,7.228298187255859,3.1780242919921875,0.06450653076171875,2.6745691794782847,3.7552847147916797,2.9031590832567122,1.3003025470896006,2.7179935526299523,3.8106822967529297,0.06450653076171875,0.9098317271434979,1.5234065785292366
16,3.812638282775879,4.980947494506836,3.731682777404785,3.3261871337890625,3.063679139109336,3.4387351804423645,3.3700931630634017,4.0875128579023325,3.726434503624249,1.9553112983703613,3.812638282775879,4.186656028425006,3.874628130284467
17,4.789405822753906,0.8986854553222656,2.7657461166381836,3.132798194885254,3.449801007512587,2.1889973119087607,2.5153869998961493,2.24756942517136,2.748548791761058,2.4965620040893555,2.24756942517136,3.2691704279776985,2.8092017594538152
18,2.598001480102539,2.711209774017334,0.2760581970214844,0.09851360321044922,1.4954734914467505,0.49411332999609847,2.6478168957449073,0.177135248276576,0.05209481576615538,1.1618633270263672,2.711209774017334,0.05879821410324482,0.07403867539985498
19,0.16222476959228516,0.40424346923828125,1.4499883651733398,1.4714727401733398,0.19974901763955089,0.8876713478831828,0.37926846216370613,0.0661103984939242,0.6275910712947006,3.187838554382324,0.0661103984939242,0.3519280066792092,0.5909674561892722
20,7.388500213623047,5.733366012573242,5.735884666442871,5.670121192932129,5.268878480149789,5.568895184151652,5.948080513684831,6.21807246951659,5.941474841634269,6.0573272705078125,5.735884666442871,5.7167427537418405,5.908570142053787
21,2.869297981262207,3.1534881591796875,2.2031688690185547,0.39983224868774414,4.40675966636563,4.578187515234278,4.578759058686771,3.9403535125548803,3.1662728142017826,0.009051322937011719,4.578187515234278,4.3666128611580355,3.9270972189073152
22,2.9020118713378906,3.5343265533447266,4.033416748046875,1.7916107177734375,6.03572695082943,5.4888382228191634,6.270516747367344,6.731594367823742,4.598505272417826,9.413433074951172,2.9020118713378906,4.791088671570826,4.473636642175553
23,3.448770523071289,5.922809600830078,4.166293144226074,5.026313781738281,3.5068381729253186,4.499963213146993,3.7168886490323576,3.887334748452078,4.271901479177808,4.617936134338379,3.448770523071289,3.730309568532128,4.054284418539821
24,4.184484481811523,0.25317907333374023,1.7402105331420898,6.176570892333984,4.021537040088511,3.5750179856430577,3.8872759870253617,3.0757207443643786,3.3642495922178313,1.1070404052734375,4.021537040088511,3.6418443304789037,3.6009692162460034
25,11.504975318908691,10.318926811218262,10.732122421264648,10.653847694396973,11.653278321700123,10.93520165305273,10.491055041233706,10.612983519448441,10.862798847652947,9.47055721282959,10.318926811218262,10.822737777644818,10.838465305126613
26,7.446958541870117,5.0385541915893555,5.766265869140625,5.0738606452941895,7.8988795683433155,6.192586527255668,6.534727114350282,6.942321003430843,6.3617691826593,10.409117579460144,6.942321003430843,7.405319013787953,6.664578950123349
27,0.9730310440063477,3.7674903869628906,1.2266950607299805,2.854938507080078,0.26817433071653163,0.185133749546587,0.010055189254893904,0.09307902026723269,0.8423811408212636,0.39882564544677734,0.09307902026723269,1.0826599254276434,0.9337151857757107
28,3.8102941513061523,4.720917701721191,3.86873722076416,2.9146618843078613,3.6774288477251087,3.8149863082494555,4.018637351852393,4.106382629220411,3.8665057618933414,3.8350353240966797,3.6774288477251087,3.914093764311227,3.9324437225361137
29,3.6319456100463867,0.8442878723144531,0.6536188125610352,0.39609813690185547,0.015953241195409973,0.9475229764448585,0.48459996142451267,1.7863754006786365,0.18307553863544435,0.09576988220214844,0.9475229764448585,0.8280759793820636,0.3091327353349129
30,1.5965194702148438,0.0871572494506836,0.7423524856567383,1.4907493591308594,1.075777537613396,0.6458454270476395,0.9281178029616122,3.180808743000168,0.4465988020480669,1.530268669128418,0.9281178029616122,0.5947777342600951,0.5615500489357714
31,1.9547176361083984,2.806499481201172,0.9102973937988281,2.593992233276367,1.2546199321322895,0.3584840202408053,0.4374685227731554,0.1092894822591397,0.9621937341259112,2.551332473754883,0.4374685227731554,0.083756245467562,0.8472426954943408
32,7.895800590515137,6.963964462280273,6.279452323913574,6.57862663269043,6.522933049431808,5.649560441043086,6.1613053849400075,6.418848447125395,6.558811416492464,7.913132667541504,6.279452323913574,6.371810787686734,6.502281209924615
33,1.1257600784301758,0.707000732421875,0.17127418518066406,2.528402328491211,0.3126101823673455,1.0307982431790634,0.6060649610025379,0.218352750230272,0.07600766906745449,2.551905632019043,2.528402328491211,1.168320269773318,0.48765948615513466
34,1.833883285522461,3.4522485733032227,1.7179460525512695,3.0426511764526367,0.8530775653866041,2.1823701956126804,1.5079639923974533,1.3796250053078705,1.9962207308167734,3.792348861694336,1.833883285522461,2.2142816801346896,2.1072863562451474
35,2.4471025466918945,1.6626052856445312,2.949186325073242,3.486715316772461,2.580506414600661,3.273256594900575,3.2814840910436995,3.5917919772615825,2.9090810689985815,3.437528610229492,3.486715316772461,3.461642487957933,3.0584768248129635
36,1.5495119094848633,2.522271156311035,0.8321390151977539,1.9744787216186523,0.07229253341544961,1.6402644776503301,0.5426859905397343,0.3667145136617549,0.646422181374934,0.9689340591430664,0.5426859905397343,0.1457736903515432,0.4190720938754957
37,1.8449554443359375,2.925518035888672,2.3681421279907227,4.666995048522949,3.2128319076416485,3.1109774755014072,3.2810775566988806,2.4579821285613086,2.9835599656426908,0.5923576354980469,2.3681421279907227,2.883264296605436,2.8980189396255582
38,4.70805549621582,5.062614440917969,4.759177207946777,3.442244529724121,2.643171665373126,4.402858658456006,2.827335692387093,3.3019005611276544,3.8934197815185705,3.898444175720215,5.062614440917969,4.280260629830888,4.024794881290958
39,5.417717933654785,4.628795623779297,4.121996879577637,2.8811635971069336,3.5519822809959827,3.097329076728448,3.850599373310109,3.9502244114147587,3.937476147070994,3.7213058471679688,3.097329076728448,4.170504546010875,3.9673564345966383
40,4.0096235275268555,4.863187789916992,3.928060531616211,4.424869537353516,5.55943302918077,5.053587699131885,5.41826720079643,5.1554324658199135,4.801557722667821,5.684760093688965,4.0096235275268555,4.115244400556065,4.587622797920055
41,2.100815773010254,5.118561744689941,2.895207405090332,0.9817657470703125,0.44246653411506465,1.9340625004148961,0.4877642949575254,2.637111366251652,2.0747194206999975,2.8161745071411133,2.100815773010254,2.972293761456541,2.2943474568409066
42,4.713893890380859,4.710689544677734,5.293078422546387,4.814352035522461,3.417541470448345,3.9974461539024677,4.416918479380508,4.167491261840251,4.441426407337378,4.179171562194824,4.416918479380508,4.3108077299753145,4.383289600865751
43,0.6054658889770508,1.9079561233520508,0.048725128173828125,0.7431745529174805,0.038125534826017216,0.06753670498718378,0.42951779163495374,0.32060571148352857,0.033618014999493795,2.232431411743164,0.048725128173828125,0.41829916409250245,0.11096037922952462
44,2.3425731658935547,2.8104400634765625,1.4652929306030273,2.191861152648926,2.3942816796454593,2.9710713070343857,2.477166887864758,2.0730302069064415,2.3407146742591394,3.3211984634399414,2.9710713070343857,2.7347790665012788,2.4834579750195687
45,2.899759292602539,0.27532100677490234,1.4385261535644531,3.065241813659668,1.2063071835310275,1.0629842852494562,0.6904519264006996,0.9751790558145164,1.3828910880059322,0.3619422912597656,1.2063071835310275,1.3927777947781905,1.345141097214304
46,10.139874458312988,10.174357414245605,10.304455757141113,6.919503688812256,11.592260679603504,10.198908192534827,10.91730288034011,10.230314131202052,10.059622150274055,8.648670196533203,10.304455757141113,10.454649251580078,10.302744683663178
47,12.386016845703125,12.276585578918457,11.938780784606934,12.570307731628418,11.334670678423377,10.595157561801612,11.39897617015696,10.95460618170921,11.681887691618511,8.1495361328125,12.386016845703125,11.789736552819349,11.773623976432454
48,4.453082084655762,4.84024715423584,4.306301116943359,9.008655548095703,3.9035995345437797,4.1188206217762495,4.666397673228737,4.3212650937429355,4.952296103402796,2.958327293395996,4.666397673228737,4.4553803491962345,4.798803381794997
49,1.0746631622314453,1.2283878326416016,0.46982669830322266,0.35825347900390625,1.5165957251867876,2.3645286259449225,0.5875713436273919,0.08039829386903463,0.8704647753500616,4.559366226196289,0.46982669830322266,0.10140287659134728,0.6041711960659608
50,0.26582813262939453,0.3021202087402344,0.30113887786865234,0.4716367721557617,0.4064975246163378,0.1727925420708445,0.13311662978559902,0.255980351952255,0.03500715367413143,4.789706230163574,0.13311662978559902,0.1112145869795711,0.001646568733370657
51,1.5773029327392578,2.386259078979492,1.056612491607666,1.5189342498779297,1.7175100085286275,0.3740936820732479,1.4206283369811814,1.215541883178286,0.5476424403489215,1.1667242050170898,1.4206283369811814,0.9372679821206518,0.6973073806412167
52,0.18519020080566406,1.5503711700439453,0.717041015625,0.6616964340209961,0.5732053938436437,1.925490371129312,2.2189863275189055,2.407991155572166,1.2336989583685387,3.5786266326904297,0.18519020080566406,0.35519924730870045,1.053075327839455
53,0.4065523147583008,1.8751354217529297,2.986159324645996,1.0817670822143555,1.5770748349006318,2.3472355252359787,2.9554775819414356,2.8415201403127455,2.0088652782202967,2.646439552307129,0.4065523147583008,1.1811703618837157,1.5911093630101298
54,0.38457202911376953,0.6713695526123047,1.4631376266479492,1.8470802307128906,0.288117786111739,1.4082657804953893,1.3710019234515762,1.3187876973195873,0.7580267363486968,0.5897817611694336,1.3710019234515762,0.8715725441687923,0.8246684999732565
55,5.281512498855591,0.643681526184082,0.5064249038696289,0.3182039260864258,0.6521018265303642,1.4262326951388946,1.4854937458881299,1.1285775322104818,0.051019924414468676,0.2774934768676758,0.3182039260864258,0.6388318909316055,0.08762167309465951
56,0.41254520416259766,0.0955057144165039,0.7074031829833984,0.0375518798828125,0.2675918663448673,0.5166191031525642,0.940869819614564,0.6862879644260289,0.05125739586276978,5.432567596435547,0.7074031829833984,0.10189760115872737,0.07175948936970755
57,2.155062675476074,0.36026859283447266,3.1592912673950195,0.045647621154785156,2.250333574023255,1.9656959413258477,2.0539211398466293,2.4880961215357598,1.8097896166989802,2.3458051681518555,2.155062675476074,1.6178109406056542,1.9272743461176862
58,2.991973876953125,1.6162843704223633,2.7946386337280273,1.3050727844238281,1.177258059738067,0.44213175621365686,1.7894719068043266,0.9679552077353097,1.6355983245023378,0.40087223052978516,1.6162843704223633,1.880222667543876,1.6830921407091939
59,2.1397132873535156,2.8280153274536133,0.748539924621582,0.9465160369873047,0.3289565916392263,0.1198280940605514,0.789209809396473,0.7616483964044871,0.5828927106144093,0.33252811431884766,2.1397132873535156,0.49144548416656697,0.5500417441526402
60,1.4229249954223633,1.405618667602539,4.066649436950684,3.0202369689941406,2.5155540518491666,1.7088884810788496,2.330292327231154,1.5499453260112634,2.252513781892521,2.7423276901245117,3.0202369689941406,2.0646078516031814,2.2276456441352046
61,12.20568037033081,12.415328979492188,12.355723857879639,8.801383018493652,11.14081904165175,13.295372295622709,12.977733042544806,10.107550229907243,11.66244885449035,11.464555263519287,12.977733042544806,12.639998078258206,11.757997654130047
62,2.9568490982055664,3.03195858001709,1.1251306533813477,3.7342729568481445,5.378655771794883,5.78817773848088,6.351784989808159,5.418774990057724,4.223200597324224,6.247643947601318,6.351784989808159,5.919233031260743,4.604559129094756
63,3.35898494720459,2.675466537475586,1.0321121215820312,0.19386005401611328,1.6493804820867481,4.009661226756939,2.627526241204432,0.7435836111119762,1.850425999901809,2.2399721145629883,4.009661226756939,3.158671012026791,1.987998625593832
64,3.832505226135254,3.947080612182617,2.928593635559082,7.213420867919922,4.460395472438705,4.094350846974528,4.248902574069334,4.662860053211126,4.423513661061321,3.459535598754883,4.460395472438705,5.0332719756924496,4.584720984187147
65,3.7295103073120117,1.7590570449829102,1.3970155715942383,2.97737979888916,1.280092174784361,0.6532225932394393,0.5104525623965444,0.3534841368459567,0.7935086196112913,2.405734062194824,1.280092174784361,0.8473672902346596,0.906998175592026
66,0.35926246643066406,2.471940040588379,2.0085525512695312,3.01275634765625,1.560587090600869,2.450103734735192,2.176847453223223,2.4900984698691975,2.0662685192966634,0.31110477447509766,2.4900984698691975,2.1090353268479447,2.1694461794095794
67,4.02873420715332,2.5815134048461914,4.04731559753418,3.4952526092529297,3.8020904177337336,2.5267357481204478,3.0624976308371625,2.623039780453098,3.270897424491384,2.2196388244628906,4.04731559753418,3.723940459290329,3.374478389960897
68,5.716115951538086,5.038457870483398,4.763327598571777,3.7796783447265625,4.946244116836281,4.522415131509604,3.470375561709904,3.2940660115277325,4.441335073362918,3.2944812774658203,3.7796783447265625,4.214616543973694,4.3601634594879926
69,2.1996917724609375,2.040637969970703,2.8168821334838867,2.532961845397949,2.1948624216681267,2.3873283682373287,1.3925452399611178,2.9961691656695777,2.320134864606203,2.202836036682129,2.8168821334838867,2.6034043251859913,2.3436273113446084
70,11.02064323425293,9.101234912872314,12.506497859954834,8.91898488998413,8.511568314556024,6.3564067902834225,8.723339790872249,7.280213027374616,9.052361102518816,6.812989234924316,8.91898488998413,8.9173478500628,8.804643273169246
71,2.0369796752929688,0.20995330810546875,0.84698486328125,0.5472202301025391,0.3305065585589979,0.2049162586684048,0.6997507886651011,0.21404257904135982,0.5850652180474096,4.43994665145874,0.3305065585589979,0.8420140320724698,0.6115028393030961
72,2.19608211517334,3.5930471420288086,1.9218368530273438,4.557921409606934,1.411863031500495,1.5397547748050737,1.0002412201812945,1.419234229413167,2.2049975969670577,5.571286201477051,1.5397547748050737,1.4605260877908783,2.128200055770993
73,1.5152301788330078,2.0778703689575195,0.46878814697265625,2.7654027938842773,0.5045734675269298,0.5141829930856741,0.04853924893960482,0.1708110325990173,0.9654720207000818,2.0396671295166016,0.1708110325990173,0.12832422221519835,0.6614967798276012
74,4.820006370544434,4.342853546142578,3.357728958129883,4.485041618347168,3.6303767140789667,4.531912815666656,4.082868971315358,3.8353547084736057,4.135767962837331,0.03930091857910156,4.082868971315358,3.6970789869024845,4.006497461674552
75,0.07418060302734375,0.19117069244384766,1.4731025695800781,1.1426677703857422,1.3811956606529172,0.7282698855176726,0.7458554379728426,1.2163670731210257,0.5008255691926635,3.199713706970215,0.7282698855176726,0.890731074063984,0.5937941304557928
76,0.2158203125,0.14142894744873047,0.7982568740844727,0.23539066314697266,0.849796001248329,1.4582761051791095,0.901648941502776,1.4542707452676744,0.5219396184139562,2.0000410079956055,0.23539066314697266,0.8354082587764395,0.5761105855295856
77,2.326785087585449,2.9568939208984375,2.668193817138672,3.979696273803711,2.058763240526826,1.8429063760313085,1.8508985929453008,1.2843549110200208,2.3710615274937155,0.12464714050292969,1.2843549110200208,1.9970847979992605,2.0645590101201794
78,1.2852177619934082,0.9781808853149414,1.879127025604248,3.885382652282715,0.6448485995605715,0.3015164808629862,0.2397964357204838,1.084329537762562,1.05070865228185,0.5088787078857422,0.6448485995605715,0.21779378381042314,0.8564605950125621
0,4.137228965759277,4.333028793334961,6.780026435852051,5.60406494140625,5.130746014261241,4.339674711016979,5.072817000911696,5.283819098757393,5.085175745162481,8.36276912689209,5.283819098757393,5.16345750160043,5.011801113789513
1,1.0987272262573242,1.4495019912719727,0.9989776611328125,3.5218400955200195,0.05539836560331857,0.1329093007986426,0.5414435649885991,0.15349448865216964,0.773225156767424,0.7344198226928711,0.9989776611328125,1.8532032047379232,0.9419972991233401
2,1.899949073791504,0.4476003646850586,0.3131742477416992,1.1159286499023438,2.053531447626135,1.1984994308385293,1.8973737659901744,0.5463294506819185,0.9050661414315844,2.314645767211914,1.8973737659901744,0.9751352327808416,0.914663697947999
3,5.625699043273926,5.138532638549805,3.912590980529785,2.8253679275512695,5.35153920738254,5.859734614586815,3.4209268459360835,4.1258639914166775,4.532531906153363,11.452935457229614,3.912590980529785,3.7932834861667537,4.159240105442372
4,1.8379030227661133,0.6459131240844727,1.212249755859375,2.679107666015625,0.1462343239471835,0.6391874492350897,0.7722617922475319,1.2885001424519196,0.3901314649195413,1.4792728424072266,0.6459131240844727,0.2224039733091221,0.37374294310944656
5,4.262052536010742,6.0593976974487305,7.42909049987793,4.5113325119018555,5.302446102965369,5.950752516267283,6.15610380399375,5.404752616738273,5.634491035650491,5.04489803314209,6.15610380399375,6.448172607637993,5.815435344389352
6,2.254769802093506,1.191080093383789,1.0116653442382812,0.7993202209472656,0.7403310994767462,0.31844774865387926,0.0882312342860363,0.2798883025064942,0.6356366754614342,1.598891258239746,1.0116653442382812,0.9236692550214087,0.741383565596827
7,3.2903881072998047,2.785782814025879,3.8908557891845703,4.936344146728516,3.6910625766346854,2.409508359147699,2.738829114776479,4.022999479304504,3.470721298387767,2.8790998458862305,2.409508359147699,2.6305337748225757,3.2026798401797407
8,5.293254852294922,5.20931339263916,4.265704154968262,5.584181785583496,7.543774557583724,7.583546309043152,6.777679881114084,7.025139624817875,6.160324319755585,3.3674020767211914,7.583546309043152,5.93719653986728,6.241025778270616
9,5.551794052124023,4.404979705810547,4.071181297302246,5.735182762145996,4.03282647129768,4.840423622785529,4.482385092644035,4.697395879876906,4.72702111049837,4.981976509094238,4.03282647129768,4.67644960222373,4.671210191781725
10,0.5396509170532227,0.055683135986328125,4.248137474060059,3.187411308288574,0.15988360698424842,0.2440976028845725,0.7995954289179306,0.16102212737916766,0.7454763961140394,0.9504413604736328,0.7995954289179306,0.40017178500772843,0.046896074744896765
11,3.0260086059570312,4.10597038269043,4.956937789916992,2.695070266723633,5.5056981332368125,5.81206569139294,5.884455016083429,5.4753168951748314,4.6826903476470125,6.859124183654785,4.956937789916992,5.3776405613435845,4.841211012500764
12,0.9986295700073242,2.165924072265625,3.1542444229125977,0.2043905258178711,0.5311324050943043,1.299564404337099,0.9094900775399779,0.37874885760920485,1.205265541948,2.5644426345825195,0.5311324050943043,0.8085662974813115,1.0146772805471826
13,2.057009696960449,2.7560577392578125,2.490511894226074,0.35245704650878906,3.467678452809741,3.499510079103093,3.2441437986272277,3.3744998831806328,2.655233573834227,3.6541590690612793,3.467678452809741,3.447262057276351,3.1073138169060552
14,3.4519052505493164,2.6689796447753906,2.9021100997924805,2.232710838317871,2.0218088878830276,2.2107615945685932,1.2035563554680788,2.4769067509927414,2.3960924277934375,0.6225709915161133,1.2035563554680788,1.880669851709598,2.2486816149528988
15,2.5116701126098633,3.814497947692871,2.1284332275390625,2.1090030670166016,0.9522593525207803,0.2953056218139345,0.991476548581538,0.15276550003316025,1.6194264222259775,0.8754310607910156,2.5116701126098633,2.1503265519108528,1.750110370007686
16,8.000611305236816,4.076388359069824,4.045388221740723,4.613046646118164,5.366842336211725,5.558992105646157,5.621322760082451,5.947826442411921,5.403802272064723,8.594559669494629,5.558992105646157,5.535861774873069,5.366101566358502
17,1.908534049987793,2.1562442779541016,0.382232666015625,0.6822795867919922,0.8275895695138971,0.833771855469772,0.7411710322316427,0.4940050661102813,0.3555251038144416,3.4965944290161133,2.1562442779541016,0.8269851038599434,0.7039561231786351
18,3.1296281814575195,4.305213928222656,0.1864175796508789,1.4826726913452148,0.26514488471751463,1.459427014267776,1.0229348682118804,1.760402230549598,1.7014801723028796,2.9542579650878906,1.4826726913452148,2.4824510687454477,1.7842062545369615
19,4.98575496673584,5.474554061889648,6.338401794433594,6.311101913452148,5.425365937755027,5.063106933664217,5.636346942882637,4.677188084219326,5.488977579379055,10.920160293579102,6.311101913452148,5.56892377482443,5.535396473561196
20,3.159891128540039,2.3842391967773438,5.673131465911865,0.4097452163696289,0.40807517476972244,0.5188506119523382,0.32143367965302794,1.1107420510010382,1.7482635656218761,0.06391048431396484,1.1107420510010382,0.6551073325839987,1.5710199783225498
21,4.984101295471191,6.047544479370117,2.1185827255249023,1.7406816482543945,4.8468324736787025,3.893282166271872,4.334700733907587,4.296110785509235,4.032729538498501,3.0598583221435547,4.334700733907587,3.645657935502559,3.9951299887673617
22,0.20251846313476562,1.3423395156860352,0.29198646545410156,0.5208835601806641,2.1327074732089066,2.3028919159497505,2.5713437630144593,2.6092802156286794,1.49674392153217,1.7345304489135742,0.20251846313476562,1.3675809839415543,1.3707055824883376
23,5.272001266479492,4.381622314453125,2.7114696502685547,2.375119209289551,1.2258857698756156,0.19305534511598488,1.4969609858641366,1.9794258959871787,2.4544425546667057,7.523494720458984,1.4969609858641366,1.0176026998313201,2.184341503964543
24,1.791285514831543,1.7042064666748047,1.0303688049316406,0.2068934440612793,1.9672203388931848,2.8159244985990792,1.619118950020276,1.8732824306587261,1.5743141950684976,2.0126943588256836,1.9672203388931848,2.0589449549191094,1.7893750545125915
25,12.632434844970703,11.04466438293457,12.172532081604004,8.527554512023926,10.624121330272756,10.464584649415999,10.068197840890495,10.433932247513114,10.746002736203195,7.686077117919922,12.172532081604004,11.184831653800432,11.017117301310492
26,3.1392507553100586,1.5480756759643555,1.3926029205322266,2.86212158203125,1.0812051051805618,0.6611928072354321,0.19632859005799297,0.03443393129472483,1.355792938127145,0.06250667572021484,1.3926029205322266,1.3083214119395556,1.3048532754542954
27,8.449431419372559,9.602456092834473,6.705264091491699,7.6052045822143555,9.825048030532175,10.774015778381276,9.524467141253243,8.889114440086669,8.921875197020807,9.572205543518066,8.889114440086669,9.34494532429014,9.08351497128394
28,2.4391844272613525,7.6393914222717285,0.4772692620754242,4.938915729522705,7.7177370915774555,7.496835710184222,7.877213124130695,7.894985875280818,5.81019158028805,8.33984661102295,7.894985875280818,7.255827108138723,6.512127432300604
29,1.7200989723205566,2.8863606452941895,3.4533820152282715,0.9427928924560547,0.9883313590325802,1.651865917865167,1.0612437292990444,0.9659616617856912,1.7087546491601948,0.8650426864624023,1.651865917865167,1.3897880458643277,1.558984250477918
30,5.392177581787109,4.696406364440918,3.1829538345336914,2.5420055389404297,4.929079007639084,4.652478766496142,3.874644746661101,3.4871329618334244,4.094609850291487,4.382805824279785,4.929079007639084,4.564239197960147,4.218259258576349
31,2.3425045013427734,2.869325637817383,2.218886375427246,3.4654178619384766,2.8536524496900526,2.2254264779347857,2.810946146288588,3.2598989859200067,2.7557573045449146,4.600366592407227,2.3425045013427734,2.79360628319327,2.7284057977154106
32,2.913161277770996,3.3201799392700195,1.2407073974609375,2.9114580154418945,0.12180890523302246,0.059715379238053146,0.8745083836502268,0.25499069363054794,1.398318575554324,5.0971174240112305,2.913161277770996,2.286743834626236,1.646287251918011
33,4.734946250915527,4.784084320068359,4.518085479736328,3.341451644897461,1.4985287984261024,1.9410357322876663,2.3508450782467047,2.18104307464135,3.1687525474024376,4.975630760192871,3.341451644897461,3.468234940546303,3.274424105173935
34,2.6073732376098633,2.076676368713379,0.9190587997436523,0.6387939453125,1.823497023673248,1.077408511874392,1.2880409461501205,1.3252137215221573,1.4695078193249138,1.1235122680664062,2.6073732376098633,1.9831129730269268,1.7615057001117798
35,4.530219078063965,4.596254348754883,4.088373184204102,0.6166248321533203,1.6315914309904453,2.057679645085363,1.034245078737273,1.3584987607139105,2.4891857948379084,1.5156669616699219,1.034245078737273,2.226687509752878,2.3542325081095505
36,2.4101295471191406,4.537841796875,2.5089645385742188,2.579033851623535,2.163863333884745,2.107619946034127,1.5612893716733396,2.0587542434586243,2.4909370786553406,2.61032772064209,2.163863333884745,2.111204686763779,2.245442594186155
37,4.5022687911987305,6.271541595458984,4.998291015625,4.676697731018066,4.285693074076637,4.782877517565222,4.890441796837612,5.001005418364565,4.926102117518102,7.861232280731201,6.271541595458984,5.105231857189954,4.97950520644774
38,9.188191413879395,11.59810733795166,7.31657600402832,10.095021724700928,9.602868241778522,9.98888644561556,8.694375715277591,9.335219340559318,9.47740577797391,7.858429908752441,9.98888644561556,10.06674463760245,9.498815313822673
39,1.8041372299194336,2.2176504135131836,0.5001296997070312,0.20160484313964844,0.8864498263301996,2.1938278223177594,1.9329287417452719,2.3816269834878856,1.5147944450200512,2.1484689712524414,1.9329287417452719,1.6948544688322151,1.5519641941297593
40,3.883359909057617,5.662723541259766,3.419388771057129,5.709222793579102,4.0740542448006,4.394709728105623,3.675322811267705,4.510696354088564,4.416184769152014,6.904071807861328,5.662723541259766,4.961302342319495,4.686197564482001
41,2.007920265197754,2.6646623611450195,2.807326316833496,0.5443878173828125,1.9181272506466076,0.4134959356951864,1.1487502171139923,1.2573714872136659,1.5952552064035679,1.7727384567260742,1.1487502171139923,1.4125391589171965,1.4345160744362406
42,4.043974876403809,4.4744415283203125,2.835582733154297,3.948322296142578,2.3004009449608596,1.9831234641617588,2.4795599294897244,2.215161061581627,3.0350708542768707,4.514479637145996,4.4744415283203125,3.20820071532831,3.1385900867890335
43,4.712136268615723,8.665107250213623,6.266206741333008,7.198729515075684,5.665418664094984,6.579780015440491,5.39679329042114,5.891018253244395,6.296898749804882,6.035442352294922,6.579780015440491,7.057584903911534,6.602604984930869
44,3.2705326080322266,2.943476676940918,2.891925811767578,2.876641273498535,2.679502015011579,2.3920658850101297,2.2140611609455068,2.6462241252562233,2.7393036945578366,3.1482677459716797,2.679502015011579,2.503108202864375,2.668542180039818
45,1.464273452758789,0.24696636199951172,0.9457588195800781,1.342310905456543,0.5168844124442664,0.913145430317611,1.0639223982246815,1.4035902223974155,0.9871065003973616,3.9469194412231445,1.342310905456543,1.1743463117717425,1.0645477602528892
46,1.3504638671875,0.5050010681152344,1.3176946640014648,0.892390251159668,1.5265122227294494,2.334627384336798,2.0517827374084643,2.09463461304704,1.509138350998203,3.891498565673828,1.3504638671875,1.6578011511222606,1.5581626706996765
47,4.902868270874023,4.488822937011719,4.369793891906738,2.886341094970703,4.494739604654949,4.0414899841733565,4.6966224676451755,3.943749587270087,4.228053479813344,7.266817092895508,2.886341094970703,3.52423701242526,3.8536020984382127
48,3.717945098876953,2.1333651542663574,5.23444938659668,3.4679956436157227,4.734272729907364,3.5309302844437696,4.797669602285994,3.7308015995338195,3.918428687440832,5.268768310546875,4.797669602285994,4.392571954418479,4.0437083438628925
49,2.6209778785705566,1.1692476272583008,6.257763385772705,2.6064066886901855,0.17547879075798178,0.9378538130456846,1.7149272676580951,0.5009802590290349,1.997954463847818,0.3398466110229492,0.17547879075798178,0.49104236006173174,1.7221431450699551
50,2.7215819358825684,3.5393338203430176,2.254800319671631,1.9931135177612305,0.9326269348117897,1.497971316348515,0.9001965279340975,0.1838392939992488,1.7529329583440125,0.5947256088256836,1.497971316348515,2.044514319266888,1.9615340083502328
51,1.6208076477050781,2.779086112976074,3.651369094848633,1.9939870834350586,1.189000775230273,1.505961067303545,0.6461885951859028,1.2423989369111936,1.8285999141994704,0.4018716812133789,1.505961067303545,1.129900720207372,1.6722749213167152
52,1.7287712097167969,4.120784759521484,2.33608341217041,3.1720142364501953,2.515857881540912,1.82822744466894,2.644771922517849,2.1702637203293556,2.564596823364493,0.847935676574707,1.82822744466894,2.781378070877988,2.5692447300470658
53,0.5059728622436523,2.20330810546875,3.35111141204834,2.831695556640625,1.0498064548707742,0.9968047131702367,0.8434443236160618,1.3130707546960814,1.6369017728443147,2.344607353210449,0.8434443236160618,0.8125718814284149,1.4588923139020444
54,2.1969194412231445,3.304478645324707,0.5754213333129883,2.4177865982055664,1.9258611731351039,2.2909559506052535,2.4238377192929494,3.3408175204571595,2.3095097976946093,4.922281265258789,1.9258611731351039,2.4575208593460083,2.4291515531492465
55,0.3439512252807617,0.7570619583129883,2.694586753845215,2.360100746154785,1.6822512969246706,2.6423789443796224,2.2624200620995847,2.26214005781803,1.6863458910237092,1.850081443786621,0.3439512252807617,0.9783564657676784,1.172519321750574
56,0.41063880920410156,1.2063932418823242,2.387089729309082,1.8559370040893555,1.6620043606438824,2.1342885217426346,1.6903911006242645,1.8203120890189002,1.6458818570643174,0.11308670043945312,0.41063880920410156,1.258283078538792,1.513865230782514
57,2.212090492248535,2.4111557006835938,2.704524040222168,4.974109172821045,2.2916881230031,2.181345974184431,2.6315815811407113,2.1327548596736463,2.692406242997153,1.5371198654174805,2.1327548596736463,2.3089016112582534,2.568464797538269
58,1.4809703826904297,1.3020620346069336,1.4110383987426758,2.8171539306640625,0.7045787550680025,0.3967026674303362,0.882599089262591,1.4057709832860947,0.9298669345462827,2.2876577377319336,1.4110383987426758,1.2296415134516803,1.1094230911198935
59,1.1172075271606445,0.1386270523071289,3.0157508850097656,2.0565013885498047,3.051097839432339,2.847791440292335,3.0390683706459694,3.042240956843507,2.2885356825301866,1.4772319793701172,3.042240956843507,2.328053093723458,2.3109918020526727
60,0.34246253967285156,4.729745864868164,1.1266937255859375,0.9272642135620117,1.2265800827701963,1.2450554500511366,1.7305950370262853,0.9053885936516188,1.2974071350080223,1.8391304016113281,1.1266937255859375,2.5157073800907934,1.4109449900227204
61,3.2472658157348633,2.8422374725341797,2.8451366424560547,3.6601600646972656,3.804194609773079,2.9424659212294326,2.210855663920441,3.148462462454493,3.0875973315999765,4.936374664306641,2.210855663920441,2.9098642141460243,3.046934441096097
62,5.137094497680664,4.630097389221191,3.0071983337402344,4.297857284545898,5.170883503440757,5.174856485586188,6.083884499337705,4.958891597004248,4.807595448819612,0.25284385681152344,4.297857284545898,4.7182544538163445,4.715547844903819
63,5.07442045211792,1.9577264785766602,4.509382247924805,2.307040214538574,1.8086674316531237,1.2408789585025648,2.4255964159870675,2.176818130289856,2.687566291198822,4.245438575744629,2.307040214538574,3.7200443925609648,2.8402922491887956
64,2.1054859161376953,1.6136322021484375,0.700984001159668,1.4085187911987305,0.855760147068457,0.7938309952771085,0.4127652602036349,1.3969256902072917,1.1609878754251284,2.5175676345825195,2.1054859161376953,1.495967996906991,1.3279420154650445
65,1.839406967163086,2.9004697799682617,0.7547426223754883,0.7025289535522461,1.223574342494942,1.7405324600884384,1.2752370765404404,1.8556146147181476,1.5365133521126317,1.1911497116088867,1.7405324600884384,2.1290825003723857,1.8779803914964024
66,1.8269824981689453,2.829806327819824,3.6074371337890625,2.454082489013672,2.2940007333580255,2.4910347179756993,2.693133532003003,2.9010892344667703,2.637195833324375,3.058837890625,2.4910347179756993,2.3907052075465103,2.5463353992871536
67,1.3975467681884766,2.4174022674560547,1.336221694946289,1.036330223083496,2.790299599211762,2.5416190886594805,2.236408792316059,2.7110935197562895,2.058365244202239,0.7401638031005859,2.236408792316059,2.1409600351317586,2.0565071819684633
68,0.39964771270751953,0.056255340576171875,1.150613784790039,1.1733179092407227,1.164861240047081,1.0842521073989655,1.4503435754381684,1.5454872075908703,1.003097359723693,2.000208854675293,0.39964771270751953,0.9621154930529414,0.9821165225038158
69,0.34246063232421875,2.8331737518310547,0.2702360153198242,0.7012500762939453,0.8307138401630763,1.8138937071068195,1.150623974380034,0.9716682450274128,1.046693526475842,3.8859376907348633,0.9716682450274128,0.6870613699691415,0.8739817319019156
70,1.2040529251098633,2.4593629837036133,0.9702224731445312,0.22611427307128906,0.4345041546136095,0.09099543460662929,0.01578103368098205,0.3896250353692796,0.2914441605799496,0.5517120361328125,0.9702224731445312,1.0616787706701167,0.4506890665566683
71,3.1785173416137695,2.380767822265625,2.3827972412109375,2.3042898178100586,2.672843051991501,2.6577174411318953,2.83377282854649,1.8732775953295437,2.535497892487477,0.6611690521240234,2.83377282854649,2.73579117506301,2.671663393055468
72,6.111613988876343,3.7915878295898438,4.584529399871826,4.751284122467041,2.6014878588923738,2.0283329187386308,0.39732432792725625,2.0339197917626146,3.287510029765741,2.547670841217041,2.0339197917626146,2.597989583940439,2.8804439534211443
73,4.634611129760742,9.531496047973633,7.802119255065918,9.81777024269104,5.6422426254681906,5.692869742428318,5.110187900127686,4.664188006207381,6.611935618715363,1.4657354354858398,5.692869742428318,6.729449550115854,6.415235325353585
74,1.2601213455200195,3.205319404602051,0.6463117599487305,2.8776626586914062,0.28246588512517334,0.6666024575440073,0.066370647429979,0.16348662147963822,1.1294499356851304,1.3825092315673828,0.6666024575440073,1.4393094640561515,1.185502550767609
75,3.5538434982299805,3.0812320709228516,2.5990190505981445,4.299931526184082,4.542630430572622,4.024118447783408,3.386119130662978,3.466692639460078,3.6191983493017688,5.869941711425781,3.5538434982299805,3.768130364635235,3.6735978663646733
76,3.947136878967285,2.641603469848633,1.871840476989746,4.49166202545166,2.6292939695734816,2.197047119723326,1.7166290754334224,2.572369709053948,2.758447840630188,3.99066162109375,1.7166290754334224,1.921475349611578,2.3725818435478434
77,4.723740577697754,3.593379020690918,4.8356733322143555,3.3332080841064453,4.5877882952497995,4.243663673861157,4.3179845484603305,4.692120856522433,4.2909447986004,6.448306083679199,3.3332080841064453,3.9651362757984074,4.166138389551094
78,2.0511765480041504,1.660151481628418,1.2309789657592773,0.4248189926147461,0.0864374143125275,0.7774585990546026,0.42136543265501736,0.16550972308302647,0.09720421634730414,1.1585931777954102,1.2309789657592773,0.5965996868533772,0.02860097451917376
