,0,1,2,3,4,5,6
0,1.5972296986760675,1.7684077304780899,1.8284027326766208,1.8747420444330578,1.8845382430452224,1.8923071584631264,1.930281909265737
1,2.0330548862903677,2.207059097882904,2.28037949654373,2.2955642872317146,2.3238526159226733,2.341584570101194,2.3483858252050855
2,1.7624659037004795,1.7959768222426198,1.8555243616322175,1.8740435132078928,1.8962614502101298,1.926221254293916,1.9854933180719867
3,1.5053687135145117,1.7481644629410371,1.876495145018534,1.8861564890102496,1.9221637349820524,1.94349555366131,1.9444284155212677
4,1.571529234407549,1.9701810176533587,2.074142579640409,2.150252146023434,2.2615398707910157,2.277866618004657,2.278247231695086
5,1.87459078014937,2.0354999710860993,2.065728862067508,2.0789238129385295,2.085531534253116,2.1018848533587144,2.1198859840111925
6,1.9847281302950257,2.042209226025482,2.0508441120406475,2.1011743860973864,2.1426481146333285,2.193691592784741,2.201274364211349
7,1.700739726990802,1.8319630867704415,1.8333948236912365,1.973530523992697,1.9952383688336979,2.0402338433829335,2.055586081702067
8,1.1880151998755581,1.3846595962240171,1.4433917366371396,1.4652617386418747,1.5611622420148548,1.5731508683101985,1.57318787744997
9,1.574233021030409,1.7443272067518387,1.9975087430975507,2.012853677232519,2.0410021065931216,2.0834148077151053,2.121876115385279
10,1.3652683662589586,1.450164257503236,1.5916363134389537,1.6793020217847614,1.6806107890516302,1.689434914491916,1.689913404921023
11,2.3350175848420545,2.397822579058175,2.4085470777699367,2.5542266686002195,2.5702627133810645,2.5818177840644783,2.6031005186464697
12,1.4331416154917485,1.4532145169044417,1.5203828012365819,1.5508443645800225,1.5936266352696475,1.6316891038801582,1.6828746052686747
13,2.3792375434469997,2.448934209354545,2.574327842616962,2.581239205895485,2.626364915986433,2.6695064297968534,2.675118515433019
14,2.1891563108430723,2.211140463663966,2.428566082707117,2.460654413610531,2.495060982446123,2.5001559137792606,2.5058169002100374
15,1.4028083184944258,1.5969558414456757,1.6890666623550732,1.807691351721525,1.8512115008138206,1.8701125101520668,1.9202598882333184
16,1.4218836280154812,1.565994217319513,1.607256714234968,1.6689213827670182,1.6888804002348277,1.6999416003175762,1.7104932176597316
17,1.9245991798328315,1.9374619923223477,1.9747290168582168,1.9931962667322078,2.1285093042435004,2.1453460675574445,2.1645311402410394
18,1.865964011214217,1.9633030842314765,2.2201616725009483,2.2769609645849838,2.337032643402873,2.3374200755204817,2.3388596221996982
19,1.8110540722352777,1.887946305687962,1.8930935923206718,1.9421578028400555,1.9637573527640626,1.9687760276276203,1.9825725210211909
20,1.8412359277647177,1.8783347384672777,1.8932801864403295,1.9477121102262722,1.9869744326443153,2.1746315419710522,2.1790067328780287
21,1.7353663413511273,2.1650489189932483,2.20606406701251,2.256446256617719,2.3086098814090334,2.3317593086116633,2.3614776906896595
22,1.856348823322508,1.9663194484776143,2.0852582083671556,2.1101922051519995,2.2483784682123473,2.29896115926145,2.3245772603912473
23,2.3777284519946007,2.453626194340892,2.568225650839678,2.6117047926294603,2.662266911698524,2.700031571610638,2.7068304525723863
24,1.7360201748589306,1.8211546366908449,1.842154181187255,1.8587997416845468,1.9324510466306692,1.960117581091228,2.0045381402675844
25,1.572557506141732,1.6921082792886328,1.7343314570678894,1.824532952857593,1.912558360687735,1.957102443575914,1.9638480218340804
26,2.36591570983182,2.3931324543105887,2.46797573376106,2.4920109088375946,2.540322045147052,2.5451943703552518,2.628165918610928
27,1.9043674355431544,2.0491602218984286,2.0661731540672177,2.132558791355471,2.163818267953856,2.2221834316308064,2.2275156815013335
28,1.922257877306379,1.9431437518062902,1.9564822460938247,1.988950073267285,1.9946170160370675,1.9981011017289618,2.041180003221006
29,1.7053872813923323,1.8867356757805092,1.890547641402222,1.906387871333929,1.9191572331566449,2.0095816344576405,2.012263892184798
30,2.012799307555054,2.1237687328591393,2.141892352989819,2.160202407657983,2.229006369123816,2.241062681978692,2.3411185594827773
31,1.340887870802878,1.4895702968134548,1.5026914371857591,1.5267739344937727,1.6231014430955035,1.6653002278889277,1.670386235496174
32,1.570750763595922,1.7026845323138595,1.7366564349573566,1.745784302538788,1.7796471981968667,1.780541249650143,1.780768642190828
33,1.3125755778077837,1.3380824459072465,1.4628874293028429,1.635066185857811,1.655650947364907,1.6849421029807758,1.7731989437666182
34,2.2671886773799836,2.3805441155180955,2.4460793844275397,2.560787056198489,2.6107033809424944,2.6691205151033257,2.6955996742993067
35,2.2287291600544576,2.268519776146485,2.272948556645311,2.2787668319470775,2.4151345190813114,2.4169280759141807,2.4257847070765233
36,2.2406409947225554,2.351128789713982,2.3593657043735754,2.376077562599671,2.381223521558469,2.3873679167947004,2.414790988987396
37,1.489677675859011,1.5589581980831004,1.6976470803302217,1.7398993055907355,1.7870144825825125,1.7922201133599944,1.8172095711802583
38,2.147626103102879,2.158477602487177,2.2694859116874224,2.321359709656467,2.3278315608691225,2.333098512510842,2.3668164926526862
39,2.2800903968963073,2.346097689110196,2.363362970348355,2.3873703176875853,2.4263556343098975,2.4848533691211436,2.4886996916238076
40,2.2527397199653887,2.3384590552515694,2.3499898133319466,2.3517801249216745,2.3822952379845463,2.389980458823592,2.392913668542978
41,1.5345990313256896,1.5702839068063128,1.6008591876007876,1.6156588174213187,1.7785551225508245,1.7884138428096188,1.8106847273605182
42,1.5590038824248915,1.6044211988179655,1.6383811698049875,1.7501564402043126,1.8285657457602824,1.8371543431282682,1.8940362764410397
43,2.2900954600476515,2.296693294951427,2.387155619297158,2.4389671955150383,2.4744587508792275,2.4898195333171245,2.4944563134412348
44,1.9562570221886706,2.058400791988631,2.081670101809273,2.16972938042377,2.18862824289323,2.2595303935831073,2.3903060172341717
45,1.6850876574787124,2.03154661463617,2.1092115460537553,2.1395607558109706,2.154890734456374,2.159096376469728,2.1778243510798996
46,1.3198501824396025,1.5117623260914281,1.5714026111852188,1.6303157674928113,1.6357178480924925,1.7444338193863862,1.7540484305681319
47,2.0449262699429807,2.0464581393315897,2.0474531875198547,2.0630378744399396,2.1731143820003607,2.1735571359036037,2.1748509543014163
48,1.5838420908614403,1.6817600293763049,1.8867125164494307,1.9610462147848207,1.9889426409078557,1.991180349218239,2.048671139006121
49,1.4506629421576496,1.4798546557282215,1.5059985059976453,1.5231851845871134,1.6007442858279681,1.618543994617299,1.697779905945776
50,2.0486914047793525,2.089377389789577,2.1835413190036745,2.1923125946878868,2.263375196615946,2.303101772821294,2.321600581441491
51,1.4055665639107149,1.673074514088059,1.6789223794350574,1.7386181732289823,1.7659736912232316,1.812460794136049,1.876965962224205
52,2.1835714432150164,2.188373308564768,2.2061185243689203,2.242821632091366,2.2717736975317133,2.301209919276426,2.328020700744223
53,1.7533861084392186,1.7640951702462995,1.7798021304178133,1.7974877361819153,1.8404611256111232,1.864929545694386,1.8702812386932037
54,1.9734925071295353,2.130712441790218,2.274920174614411,2.2967620963055824,2.3225298844781723,2.3479450346573905,2.355261809650878
55,2.4160670912800204,2.5806014184019794,2.588141923226464,2.5968368873602716,2.6343537179699803,2.634407060887356,2.640003597758055
56,2.459305549581881,2.476587418422185,2.544635824594366,2.5831233090141463,2.6030938078533303,2.635751319238606,2.6467858049325206
57,2.0096078958926893,2.5338137938203396,2.6022132538506715,2.6767564550077463,2.680631954976753,2.6845671323540783,2.7560325579660168
58,1.8225316130613132,1.9242909159960913,1.9785132082294188,2.0023838973252017,2.003397987782917,2.0308520062819433,2.125812459061427
59,2.149359859805039,2.2373890884122805,2.253055015139636,2.2587166890356385,2.258932557791424,2.3183684930302304,2.3193787816555766
60,2.5524015139408505,2.590874542581009,2.638001619229521,2.6847013437804694,2.748690243636964,2.7722695163882145,2.8180608953341735
61,2.1833756902980714,2.325505779207414,2.378012514054332,2.494814953004263,2.524067471494274,2.5253854112663108,2.5370950989685834
62,1.803810913718886,1.8324904198027105,1.94150449990039,2.0131689176679277,2.017833643186274,2.035317811856988,2.0413003271352648
63,1.5250660258319977,1.8414052013683566,1.9136490179041519,1.962902599133164,2.002805843423216,2.0950271530778286,2.1430917446915383
64,1.6143287993270972,1.6983895461554175,1.7813453923267693,1.8851866894738054,1.888532998239993,1.947054552694338,1.9562046762776333
65,2.721350343357533,2.8363508660269985,2.9808346406547734,2.9810029136216216,3.0938311744274354,3.121560182399853,3.1223371747638864
66,2.7188142589786106,2.762156587435094,2.7891095285368985,2.8140826270127213,2.8417020679221032,2.851047470170072,2.889265734589493
67,2.2954108194807157,2.327925395005714,2.3872399502348167,2.419715342438,2.430630437778336,2.534924155898605,2.536570723486464
68,2.394042420564329,2.5378581126199795,2.5464698998825432,2.563456758701557,2.651772288713737,2.740154415646262,2.7442825979555088
69,1.9662796116493018,2.0567567710382626,2.110736978951221,2.1512967820880067,2.2134114845511172,2.222459394113383,2.229677607026571
70,2.0865568603613966,2.384759391860194,2.3859967998076232,2.419059828070835,2.4643314338837863,2.5113272809440086,2.5248571652935126
71,2.783800235122522,2.7974572275317646,2.8766229604928264,3.008429020080249,3.036181303977206,3.0644191379878762,3.1302056071870066
72,2.469563336022372,2.5580725011264023,2.5916063902249853,2.701604289358256,2.720090118054991,2.771780255438345,2.804936005985427
73,2.8059134615539483,2.9502958433217796,2.982672266375544,3.011215631094491,3.0315327036739865,3.040562470467413,3.057492440541153
74,3.0402811721967162,3.0523585055192055,3.0595301137970043,3.1962058236815847,3.2364201904213163,3.241166881585542,3.302477559105532
75,1.3520728678034293,1.7644268382909456,1.840911752945612,1.8414913839233222,1.855095786773961,1.8715503736285943,1.8877487225800758
76,1.9254335494825008,2.420424392547941,2.5203102200565284,2.5651854158685197,2.588073565507646,2.5934705580969575,2.6151748246990554
77,2.0755661803604504,2.1544320111052935,2.174154256535476,2.196056797420564,2.276594230295748,2.2918216152485873,2.3496797473507245
78,2.018827500034253,2.433636770701419,2.49330021363758,2.5160542157342403,2.5308205246536764,2.536824170940763,2.5457184347718615
79,2.049543165111195,2.1553776604644463,2.236564188697713,2.27280403572478,2.368740933890387,2.4050189208187622,2.413934260520428
80,2.017538170378456,2.228383973768821,2.2999581898608774,2.365654903716556,2.377249063328982,2.377518699765359,2.4364670600272627
81,2.4375236132479827,2.449275581801461,2.459061703935882,2.50239294725259,2.5455516357337182,2.6377774187161283,2.6503823965178874
82,1.773914498628925,2.096540644357294,2.1679047960824454,2.2042176606313886,2.2589808837486505,2.2844583594074512,2.295513630286521
83,2.1059943860023154,2.180638161893664,2.3016367901462726,2.312232159202985,2.3286965228470557,2.329680781217493,2.356122941090692
84,2.197685774882803,2.4306355328601352,2.4834508326906883,2.559231915615426,2.572708776420253,2.596404784961116,2.6164154990670916
85,2.028784637519558,2.134059179331438,2.2517716197786792,2.255358420746417,2.339712384242068,2.3686758092191664,2.3768173514707898
86,2.0434712516928015,2.643817328290321,2.832734683725942,2.8517631316002947,2.880171437033152,2.93299313166904,2.9363928495366096
87,2.5088371179924955,2.6059760967871384,2.609640360524165,2.6317061690553474,2.6441471612929988,2.6846597869464546,2.689037023134348
88,2.2504970518095884,2.2571975469719607,2.27824054973322,2.2944494145455097,2.307245359913449,2.3334632657579037,2.3384624211081357
89,2.298440068651829,2.4530904226620804,2.693590393653029,2.721244060921533,2.7555851461186283,2.8985579785630304,2.904447703574881
90,1.9054498149425358,2.1478300989484844,2.150800883872973,2.15205892171031,2.195513455319051,2.2264685192744884,2.2342680871900007
91,2.535503663036635,2.5521577206006527,2.5587207352971824,2.625919665986527,2.6528301445137514,2.6953576148924565,2.700623182475234
92,1.9141899225185004,1.9250103212030074,1.9405065519020273,1.9662228035180296,2.0762152027729446,2.130967725091471,2.140434771170494
93,1.6290736897043638,1.6491259303666679,1.711876187171552,1.76252028944341,1.8735568238626765,1.8793982283279158,1.8819747672896388
94,2.385700149854267,2.5712701763931527,2.6595362748407925,2.6811135746222106,2.7684117007706814,2.8544947964972867,2.875718143630624
95,2.208910809212045,2.2675957001124734,2.2702633243481345,2.323618128506084,2.4006747905603927,2.4338551876288386,2.453586046457605
96,2.8593525881229174,3.01386540669615,3.0547300303578155,3.193632290654868,3.209169311592044,3.2452388463500093,3.293742695922923
97,1.9635411176420632,2.093333685433941,2.1785064225691353,2.1946219975656023,2.241493855382186,2.2646989661256307,2.27242285680791
98,2.38486202684061,2.421378988075596,2.5129528026986248,2.6151243872707552,2.678445016851198,2.691849473964022,2.7025652580882986
99,2.4399047590013394,2.497799806102789,2.5052979548366063,2.6968259523773583,2.6995256496163402,2.7058277281815974,2.711202356280361
100,1.9898656193089541,2.090404036853155,2.093892150170032,2.1026514702886683,2.1487214820374807,2.149018081351779,2.163351362179355
101,1.531903039454977,1.7024356068981643,1.7820295066717537,1.7822905504008515,1.8313978633373005,1.9673600796397817,1.987177303018189
102,2.2645135650848194,2.311885638620249,2.323577617078077,2.342411885840439,2.3457826346858024,2.387325898596199,2.405714598790415
103,2.250350356012352,2.4732957770740405,2.477429380284763,2.5168754857138134,2.540742791509094,2.555147207021867,2.5660769861280777
104,2.0739265408898966,2.0946924099767537,2.1132175605480032,2.178596605554393,2.2276435463436117,2.2451290379062283,2.2685963085301015
105,2.436770878894073,2.4539992704229814,2.4758884792933005,2.4864295892412134,2.5219954855138713,2.583266711732069,2.5940707933303786
106,1.7117417057980557,1.73742512739417,1.8273497121415376,1.8576287841608543,1.901459981829965,1.929171691534183,1.9694873617405464
107,2.323789984893253,2.4139282585740895,2.4829511901781878,2.5408290731991836,2.5787111742166697,2.5872977640737447,2.69878469043666
108,2.110594692397098,2.1486731139406117,2.277161060749655,2.290036264328301,2.338240642517422,2.3660678607797743,2.367922592450833
0,1.4633114143176682,1.4767089076244786,1.5363696800353368,1.5436361610363192,1.58021580328237,1.70642462382845,1.7519794753853433
1,2.0014625113270292,2.087444926081797,2.1126251735962485,2.161783797937321,2.1732412723373913,2.28765468204143,2.323171175898075
2,1.4868397533828417,1.6015999518759296,1.6118447877792985,1.62959479309851,1.6817724924814017,1.7398512618659452,1.7642065328334269
3,2.0122899529001717,2.0243393780757923,2.0506543072919934,2.075641449650465,2.1073962974814378,2.133446522298682,2.170394163651764
4,1.45313791008979,1.5655928464679776,1.8394080267990172,1.8772962560812514,2.0345279750613696,2.0483517187179454,2.0532737462819055
5,2.223991908065222,2.2968905846619627,2.298446072064321,2.352494987387398,2.3832494875780452,2.391890945933657,2.429642066068032
6,2.008460571969383,2.0640212324506035,2.0803331927949573,2.1110943706782805,2.1335054064404058,2.1866497989519584,2.194707201744557
7,1.681111163842238,1.69551399250919,1.9360190631822627,1.9666938569456986,1.9979856079466352,2.0016935733487573,2.0192968308422836
8,1.742039033030077,1.9972257987508275,2.0704264059552457,2.1411420724242203,2.143051870120267,2.2116757159749314,2.2265211548341686
9,1.7925640786120418,1.9750894918527855,2.0090544459344017,2.060329633843034,2.122431330057957,2.1433337117686606,2.1455940127622335
10,1.4824045513068742,2.033889384590241,2.122567360614106,2.1670612222910943,2.1767636550167557,2.177973447904273,2.2024143798645435
11,1.7552778839547762,1.8033186889160668,1.8555409078194243,1.8625188539442779,1.8754952637007198,1.896839865296106,1.9073090551100815
12,1.3479204807207728,1.45462651990135,1.4724348330259402,1.5232732827230406,1.5233585663471296,1.5236662924014928,1.586073955558431
13,2.003803211845911,2.0517111632884406,2.1226047397632635,2.137015275037206,2.145787119678862,2.1765984869208572,2.2060891404933596
14,1.7368294048893744,1.778908269382912,1.9480285117200404,1.9829949324009153,2.030729837408842,2.0678505322913074,2.077981714575236
15,1.698665262129506,1.7071404982794487,1.827611984252571,1.8276782321393334,1.8435001653434973,1.9116604789990441,1.9447003835327572
16,1.5940064289853404,1.8862087378399326,1.905320591237258,1.9217131701499677,2.002940433073908,2.0417574959313933,2.0479093317787957
17,2.0292441113678503,2.1868288503218363,2.262240143140877,2.30409797616053,2.356217773880137,2.3664284686889925,2.369989410125708
18,1.7797477781836886,1.812525887641731,1.8746674344167316,1.9591718720049967,1.9844776587950366,2.03875150284816,2.064934144946373
19,1.2818729618074067,1.4702053336712373,1.4873118052328869,1.6007697123195677,1.6875859022708382,1.691866299783862,1.7428727453008885
20,1.3780820129568543,1.5992844112726765,1.600931073243338,1.6206835358143155,1.6449691337477392,1.6551371292504387,1.6806356425986417
21,1.4088982791112605,1.4743885294526142,1.5010582527147456,1.6085224209982485,1.6323577698987235,1.6873769247209436,1.691290634114467
22,1.9453380754039984,1.9607005228624756,2.090309479936945,2.094745837605858,2.1113715604150833,2.113334347112198,2.1349023483819978
23,1.5789495112161795,1.656591503500485,1.6832913732482366,1.7474032712964516,1.751606489455063,1.7984526082967591,1.8584205671765284
24,2.117688755105924,2.2082736043133933,2.235029104758761,2.2445594400830418,2.362212619154883,2.4066260653532496,2.4471220025718265
25,1.5244393009681696,1.5347625772138327,1.5479785938255697,1.6666119337237637,1.7278194454655758,1.844305261403671,1.8487361691598059
26,1.4962995751081103,1.8369564658359583,1.8466489835665902,1.8716476944767173,1.8756183342217936,1.9263326993404692,1.9299199315066067
27,2.594056998337266,2.6449785223641897,2.7224133669392656,2.7962567543900625,2.843601117718352,2.8514034349090287,2.851515445830126
28,1.635772565192778,2.240109197875037,2.255303564137964,2.2556396832172605,2.3036120784965917,2.3178835603604795,2.328868411663256
29,2.857904155104973,2.925982987095867,2.932697135046485,2.9640698940369528,2.9650165458247093,2.9897097704791955,3.002678048910892
30,1.3946011606852988,1.57597799163282,1.6974423296703394,1.8064658056667138,1.8475184209204656,1.8658272776001452,1.9657625487777948
31,2.3025826330441004,2.52444967208903,2.568340972136289,2.593335092794794,2.656130736361057,2.6839443469467863,2.724926644159138
32,1.256502084089717,1.410753471655079,1.4188716725439077,1.481795943434731,1.634611363648422,1.6758123624426071,1.7160451557524394
33,1.633966717438598,1.907956312176891,1.9754312270595094,2.0634017825689916,2.066749570132358,2.142738121623822,2.1472229808996746
34,2.3373616295682975,2.4517817967723836,2.544394109114407,2.5817557867413385,2.5857123663032144,2.587609233136105,2.590533746804353
35,2.9682150604008863,3.003123873230004,3.012816463008571,3.0462595040973635,3.0644729535830058,3.0653175735966727,3.1059053571843447
36,1.8012185457464467,2.0919281940182883,2.185594972051681,2.2032805762986434,2.2375274704790495,2.2668163679247493,2.271301243582552
37,2.6706176992158,2.7390119047560493,2.799094793781015,2.802930558390943,2.8212978393437727,2.8399011023859164,2.8756102488488446
38,3.171737667714684,3.191388247996894,3.197950580322022,3.2050365701077994,3.2189525231040887,3.2374085535813286,3.288366084303508
39,2.562772418710783,2.6219845614452706,2.6560973782385937,2.6576353352858897,2.6908134879178083,2.7035551329965335,2.7059803621049627
40,1.6170420555543432,1.641318157032276,1.6450631314161859,1.6757358092979375,1.8031271592637914,1.8058001599017226,1.832001456112353
41,1.9910429478860456,2.1085877064357654,2.1201117290948654,2.1658591377259544,2.1797568902444997,2.2352131872237027,2.2504422328685845
42,1.9822626874192737,2.2142993581382306,2.2931572156486433,2.2956452074756295,2.4064697509852486,2.433704582699525,2.450825922554765
43,2.21395994483416,2.4560092961854454,2.566553072903282,2.5827028800867198,2.5912977914280977,2.597674590045734,2.618532058335772
44,1.883014789817112,1.9622443695035392,1.9636606269272483,1.9805838754256102,2.0028755992620204,2.010376040937825,2.074351880928579
45,2.215167073088965,2.217940512087726,2.263387866924567,2.294213164577631,2.400991591189999,2.4238883885925633,2.4354697738534665
46,1.4771403310268587,1.6008255516548646,1.6160286492929532,1.6309246212752246,1.6372640223003154,1.6601689771720993,1.6969327613596106
47,2.414966818065445,2.4648356155308786,2.4895723492549067,2.5033700399831074,2.513165421084471,2.5776814596216044,2.6372036823442935
48,2.3526072812293273,2.431795417302032,2.617718406792277,2.666103178722405,2.6873727784320383,2.7203708451755904,2.7752516547000283
49,1.1951037765320554,1.4576258935302455,1.4629270120071804,1.4756579681363746,1.4929476433309201,1.5302963063114923,1.5405228541119897
50,1.1422590032249647,1.4598385507542886,1.5602976426691675,1.654213237381195,1.6598772217117672,1.6699056223442086,1.6774820531728534
51,1.7676721608756047,1.8413803294546007,2.0306262858113078,2.100074760798577,2.111213303887461,2.1302018984665785,2.157817168649402
52,1.87645619714524,1.9021569109590113,1.904482511117412,1.928805304387191,1.9719840054738091,1.9960702532886225,1.999143487066074
53,1.825397326135899,2.0200557978638067,2.097254206039121,2.2167847763533453,2.2746105644094072,2.3370785959394316,2.3412532643372868
54,2.2789405163371654,2.3513457538728924,2.359656174663662,2.3734505572805893,2.3867560238283683,2.3879415046447097,2.405011956290106
55,2.0866826423603846,2.302352777744297,2.328776164378791,2.375408632926391,2.3791731836484717,2.412236810100381,2.4254102422674517
56,2.183015687621111,2.208676207292616,2.2291498461905266,2.248970382180185,2.2821730203170953,2.3398558743166595,2.3574925854202387
57,1.9574981842790673,1.9769254451496778,2.089915112065837,2.1573646321041133,2.1643422426440373,2.1764725980044393,2.181751817696858
58,2.1297583397002473,2.1631998649989694,2.2555575073241974,2.2904346473752346,2.2980879804313163,2.305199670521712,2.3277017821081922
59,2.5394945315536286,2.6356827128927565,2.747660843386546,2.7521366812984307,2.754676417029362,2.7591685309313254,2.7628722818443414
60,2.607397247697844,2.6695487852207194,2.7346470468627193,2.7504959606985175,2.753690909313489,2.7716903287875843,2.777676832382006
61,2.0702995928210384,2.2352180639823134,2.2545399250696674,2.256693932931028,2.2693374676880973,2.2879923680451046,2.2906727953902384
62,2.207940232464936,2.3109329485765624,2.3499348414224217,2.3748479258054442,2.428740710934366,2.4453808545295836,2.4845997836771505
63,2.3785282062324,2.4389834776905452,2.4594323835402165,2.5613216531598173,2.6050572076991294,2.6152211044056726,2.6167644766039513
64,2.7830440617370384,2.8088969189369024,2.83460214593596,2.8682813633416364,2.8895167365524963,2.8998042744197408,2.921681129827446
65,1.8882912960284328,1.968912810370269,1.9828618163619072,2.0305025444957354,2.061273710121293,2.1179866079124303,2.13448871651424
66,2.6020997107550996,2.707292040124107,2.873887396710276,2.938912848592513,2.9463056723820085,2.959761307937672,2.967551009273609
67,1.9057114871631093,1.92322422293399,1.998321761688585,2.0125124182921867,2.06200257364275,2.073498225980096,2.075151350422471
68,2.7584172724240443,2.793315279701083,2.828480413783163,2.865834795662931,2.9168916047157962,2.9178710564610313,2.92301309578153
69,2.7704990891497334,2.8324446262287357,2.8364436125496315,2.856587309990319,2.8662637061533665,2.8738294018145893,2.880814135235788
70,2.3398775561000793,2.3512252979531847,2.369204173850846,2.382125696219849,2.39935411500258,2.455737303693959,2.4653139811431823
71,2.371301462130828,2.578517059842586,2.734949641783998,2.8151606517791605,2.8257006661560027,2.8285229179421387,2.84753603167743
72,2.3578501334648867,2.367548138007747,2.5097565190376847,2.675237941315003,2.677325302845804,2.699424073718548,2.714560719923637
73,1.9982393920198855,2.2746606527219373,2.3360551499665863,2.338660379479172,2.3677503218418736,2.370592097779372,2.3933187831568454
74,2.3519718943052315,2.536234675647923,2.548339723608536,2.578400324770046,2.5857787545564404,2.5883444365501704,2.6131250666847006
75,2.4057945411576593,2.5017744685248724,2.6075257603065114,2.610054867186238,2.7619564933935052,2.82440488026768,2.8344230058412596
76,2.1804775106121386,2.205787599128611,2.329392815221254,2.332001464264073,2.3323965856637505,2.3646520670848274,2.368341659100924
77,2.808897624386521,2.891684104486517,2.911740201162278,2.977704762457505,2.979294471273676,2.994924301178799,3.004057835037804
78,1.912050504448824,2.004263525281693,2.1127648450850054,2.121114010863856,2.1616796306120607,2.2233208771465915,2.280494168254863
79,1.6599011064364833,1.6840162157708742,1.6844152929996354,1.8215792965075817,1.8252999017419005,1.8587504529584091,1.8592001492393342
80,1.424582099852722,1.6132709550022208,1.6717300832471473,1.7997204180807675,1.8094842221995662,1.9088061484548666,1.9271136255049641
81,2.384802395606611,2.449684270644064,2.464079044289067,2.508115627351156,2.556596097685973,2.577670084235921,2.578119612306305
82,2.151173206817708,2.21772502783672,2.236587932370395,2.2487467496148916,2.269541289229462,2.3171991602266644,2.3947115558646015
83,1.9475579719116851,2.1480094783511303,2.2537028882492343,2.25440659547754,2.3257103508555352,2.3427757978441988,2.3499238710423223
84,2.264192514530072,2.289797496508975,2.304347847461641,2.3115482191750827,2.335376637275637,2.360405459394964,2.407079236013968
85,2.6699881443903046,2.6763879904902113,2.7585001719237194,2.818954143671129,2.847249291197202,2.848042412120995,2.860395350150234
86,1.7406310013701718,1.8287387226380478,1.9568660704751224,1.9609406980100401,1.9798381451081104,2.043314104379514,2.174409821082521
87,1.812689453487197,1.9204116218459621,1.9407901482255068,1.955801010901077,2.038207936992544,2.042118008410221,2.0497546663920585
88,2.065726825222071,2.1845949988806517,2.2450652495121917,2.306547663140279,2.3100067573975047,2.319960954089666,2.349145096679502
89,2.42278637319883,2.7434000671929866,2.85125344981081,2.864305706828022,2.8736675012212594,2.901445320768364,2.9234113566028426
90,2.1632139321055606,2.552448079150056,2.6086204411471976,2.614124932854582,2.61496873262526,2.632798755436207,2.648974441764345
91,2.729839041884876,2.753882398161628,2.7804085598601316,2.8326278447331616,2.8717792794021397,2.965025485114443,3.0541112700987325
92,2.5385757770178654,2.6405671985979122,2.6841036898609874,2.705781462288869,2.7239629617335233,2.7349930492852845,2.7366133975013747
93,2.110771713883409,2.201367129362769,2.5675713762733463,2.6182896558546083,2.660058139652389,2.663634305200571,2.6736188551887787
94,2.2420041612405806,2.3875993882628177,2.4067097540564335,2.4747385699357918,2.5299550779078093,2.531772108177155,2.541131227325316
95,1.864711365564557,1.9015349759395315,1.9021936426005914,2.009432638188926,2.0402428199862555,2.0647194706831384,2.0713222885917832
96,2.3536947144724056,2.394678507990695,2.474330871177303,2.515949725543121,2.562758527105429,2.5920987790116614,2.5928435723308034
97,2.4798980877239076,2.5270842741507136,2.545311152792132,2.5928313490317474,2.624999564224936,2.6480018631139126,2.6862781901099293
98,1.9799841440276738,2.2923106542905227,2.3615251000425386,2.4583172780881934,2.4910376680020447,2.4934912849016646,2.502180716982261
99,2.1032834103903446,2.199486783295081,2.255206215842295,2.33747516997973,2.3674288562494876,2.399755065046547,2.491303688685499
100,2.779116755347981,2.805683966775452,2.8202593591325424,2.8704132883253366,2.875668549830391,2.8783383680582095,2.92609908480019
101,1.9705364773161462,1.9786438127730641,1.9999567059432681,2.069269863220128,2.1010903766565447,2.150497246711277,2.162895502979997
102,2.6530141136423526,2.748690536782451,2.775035085542421,2.9202068045015395,2.928910751206154,2.938349020149658,2.94219673103587
103,2.8307849121854507,2.9165671727468117,2.9627167299891117,2.9888300609502223,2.990612060493365,2.9989453168709477,3.002709836635185
104,2.9041594927829557,2.9511234422440036,2.9683349962244843,2.9687480129645976,2.975768937886412,2.986821022326523,3.042058994367807
105,1.6907525856883312,1.9610261421177702,2.0178833749330556,2.028346548866354,2.111649841396236,2.1270710998890943,2.156766242904758
106,1.8189894992552582,2.0716789777814926,2.1211476582858375,2.129907622819907,2.2120803749784184,2.214017916171098,2.2222712581001414
107,2.060615216396698,2.109668157031612,2.1233778608258858,2.150136597025935,2.20117345820075,2.245481085781992,2.267569551006823
108,2.246270407679311,2.2493871556638214,2.2606948973999907,2.2782724936760195,2.2896951670352874,2.3243927400123163,2.3298506447812466
0,2.0879177234454622,2.1923567674724307,2.263702113673668,2.282101904745392,2.297513690451417,2.368868699713094,2.398732477958198
1,1.4987293671824768,1.552143334815606,1.7006042022889447,1.750697920459591,1.81743167758189,1.838372896264989,1.8923773361413299
2,1.4405360812209103,1.5134748303201346,1.5515771213728429,1.5893818494690035,1.6410921783825574,1.6412394632422567,1.7755833712681872
3,1.9621398086942738,2.269496389893276,2.290571952781521,2.349444049054574,2.3555543655271416,2.4121584429645884,2.412446987702189
4,2.036651568059375,2.2889296475392613,2.3594403848278316,2.372179518388847,2.4320698313237306,2.458857600717189,2.466016017339205
5,1.9879757792342743,2.0732956719278017,2.1283169288137493,2.1969306321334567,2.2287729358587947,2.259393102127527,2.2907641656413698
6,2.6417896354045096,2.717572208957319,2.79707854948841,2.83782401183011,2.871473046458828,2.872145119800871,2.8743071995986544
7,1.9867493986536549,2.1772335681931434,2.2070752081120424,2.2136863003277347,2.275490751850845,2.300581215686069,2.3007863129527717
8,1.5296545066278289,1.5299204800258972,1.6080695516608963,1.6168986241519807,1.6416800542173617,1.6518839326009465,1.6620638221928967
9,1.4108419662215868,1.832984999119289,1.844283555509051,1.848884145004737,1.8604082789224752,1.9426856216837196,1.9656658937544278
10,1.5200580238546657,1.5877706633532829,1.6213831004874022,1.7784345679315077,1.7847348848470508,1.7887630642501142,1.8163994200356592
11,1.7200793371125647,1.8126802223006968,1.8612290870701729,1.9362964938015088,1.967414952268922,1.9714152609871844,1.974654144168939
12,1.2611464639149719,1.4411089018952992,1.450079411649484,1.4633140439977117,1.4867039394172623,1.5642473515778477,1.6161958393641167
13,2.474574059898958,2.49347496655492,2.587663651158302,2.5918555806958428,2.6018656847592,2.6153368439451947,2.640906070374172
14,2.5342712258545745,2.8513816172060995,2.8585234823364876,2.919166645615576,2.9249671200666447,2.9289796362857063,2.9472115433499178
15,1.724364378788333,1.725405077979684,1.800795193883373,1.873820847787246,1.8827456606876707,1.9184670338353824,1.960039330136636
16,1.8391389196183558,1.856664271123798,1.920476406951026,1.9565810679563385,1.9588752701230956,1.9636450912857235,2.1271677034575007
17,1.6127126960735672,1.855721802776744,1.8670586429634857,1.8689734635230104,2.030146940644557,2.1078425947326687,2.1378757616183086
18,2.028679762277341,2.4505894867045654,2.4816707279594947,2.50586135308667,2.5101354742137714,2.5378001320205468,2.59552861189495
19,1.7252899091509892,1.7847644674428296,1.8264622146258702,1.8471947515747518,1.8497758561636768,1.8553374685549235,1.8630815149209414
20,1.3863378985531891,1.6114366566319647,1.6579099329485916,1.716065116192878,1.7426381242760525,1.8301974693807004,1.8551555057512221
21,2.3118352008476575,2.4689427307085423,2.5178689070780678,2.5318782999558542,2.5774950626275874,2.5958376248102213,2.6197584917642165
22,1.8717873603059056,1.9734418503510085,1.9873565216145557,2.0568031955670616,2.0980568789176903,2.1258174742872735,2.132223480005862
23,1.9643128918971107,2.0119557403939305,2.0957080486048976,2.2420337914407207,2.2754490568355576,2.323458885082303,2.3607276299977067
24,1.4876537775279464,1.7187237436087304,1.7471730793342437,1.8909848862886178,2.005554796251266,2.0068782849947184,2.0169262215812647
25,2.370610454488619,2.4798360822529952,2.514023250296516,2.5216441205488214,2.547272851208993,2.5874218179908124,2.623154504533575
26,1.3255693009611813,1.4419371180531024,1.4551072931327422,1.4603985974790206,1.6014206671172508,1.6806155403878449,1.6982644527933957
27,1.394096154379411,1.8223313312243707,1.855455170505447,1.8875222173329758,1.9266088733672977,1.9617323470262178,2.0082220606167103
28,1.8898919387046502,1.9450587074996808,2.0365225445608073,2.050646262411631,2.0826057412496652,2.090508621323709,2.108800485228541
29,1.932506943249786,2.0376084053132453,2.0717488267870046,2.0841902944180637,2.0866082855591825,2.108986480521685,2.1096113038356354
30,1.678477945534593,1.9981280754689548,2.147275306966983,2.2080319762321494,2.2223379724382624,2.256211418038165,2.303794506003626
31,1.4907251098408942,1.547964700384751,1.5507844371493074,1.6175740339455509,1.7972091497225413,1.7985949351264556,1.8188009566471326
32,1.928387100216546,2.0724105784953766,2.0758752349408702,2.1624982349653576,2.179905138999387,2.181579490890572,2.186564552272722
33,1.9147087213587355,1.9796028287834613,2.0974956803864298,2.11342398322218,2.1849938323138756,2.233596959632202,2.3105508667058205
34,1.8423766069423941,1.847300939937027,1.861359243165764,2.0238240256359634,2.038197607780682,2.0646325903284204,2.0745420329494357
35,1.6644720511039657,1.6711272425083359,1.7994133941833048,1.8308349193676725,1.8612178654478133,1.9256579869331594,1.931218483121388
36,2.055773632556767,2.082872341411034,2.2051703185454463,2.2092188879645582,2.2474946412888093,2.250194308318202,2.252636385121851
37,2.1530935902261423,2.4197739880252254,2.4300078104870146,2.445753041834277,2.4880874346758355,2.5427579790852715,2.577061378387755
38,1.9510436826854485,2.0360947692918923,2.0691701497506956,2.0816248808635422,2.207915290756518,2.2511193768898936,2.2580324603117092
39,1.8885397504613168,1.9474588634955141,2.0670699728674196,2.10269006371477,2.1187316877478675,2.118985881974799,2.159715021774147
40,1.6433491002013751,1.7272951818276425,1.768095270280648,1.7897198151390978,1.8124673671831126,1.8304511702003223,1.8918318067200803
41,1.943769146359899,2.1119831180162363,2.196724814946555,2.213252154645293,2.23523438512536,2.2452604389791757,2.267402123590232
42,1.6698099062012925,1.7376821166387852,1.9988322684192033,2.140368821441433,2.152970469240182,2.1786143699277667,2.2179467224958467
43,2.399096820620857,2.4266905948554114,2.428040326744439,2.4525808407671157,2.4634707227715578,2.478706592492951,2.5174649882325935
44,1.5327301491965517,1.8010300347126225,1.9529979978489906,1.9989223123550552,2.012607998265065,2.0185022975310014,2.0410391324193418
45,1.5123376609512693,1.7567229684083638,1.814507323215091,1.8194410141048027,1.8254293563188688,1.836077735791578,1.853703970373232
46,1.5032146491601066,1.6034721954277609,1.6863719406625635,1.7167756808362584,1.7260217239303055,1.7498253959588697,1.7843882087018341
47,1.9297887459006569,2.1857101327131927,2.2961191179964797,2.352375173699758,2.3847738488677126,2.4404372788303994,2.4561352788088757
48,1.801217362779851,1.852710824575018,1.8833101105076209,1.9163919917525525,1.9852118533558014,2.0002396256956136,2.003342445104101
49,1.351624992115075,1.7482534412208721,1.7811495254464214,1.8070100024488145,1.8138502855901846,1.8728321336859846,1.8929581084948857
50,2.338777384874167,2.4595793391836063,2.4798468378610377,2.4874728541973323,2.4951868497361582,2.5117398262456003,2.527295178277458
51,1.3704498566011374,1.7871533593931825,1.7948389917565775,1.814328273896328,1.8512715962534885,1.909968218522052,1.9931963292658086
52,1.9604442337645487,2.0135010087734457,2.09881873382939,2.1379643801874906,2.2298433083664433,2.267207484846979,2.285231937703779
53,1.5984193822941961,1.6929648326509223,1.7237757174487216,1.7817328994674364,1.794005404924344,1.8294118719164119,1.842458245967057
54,2.4760538633882896,2.51008528053009,2.5695654251819833,2.5761911319463624,2.617732758376824,2.6205122648891597,2.627904367889092
55,2.5584733494758676,2.5775382588441498,2.5803926898226055,2.6068059395642713,2.607686330469948,2.608939947210448,2.68007308842358
56,1.9589796701937718,1.996523984124173,2.2503480294128675,2.282086943689709,2.3919555111962882,2.4237778717162866,2.487563316653566
57,1.5991901700060305,1.6125759152593326,1.6250666913972782,1.64920428443008,1.7016283501062281,1.77148651720151,1.7973726308136628
58,2.0736144071338374,2.1366019655050974,2.2040953182183003,2.258835688850678,2.3308647790832198,2.3382030495580937,2.3633200808631725
59,2.0055412108492767,2.1562132262614417,2.1791211954059446,2.1948257157495,2.2223118015950933,2.3293190470268885,2.3640297398478105
60,1.863136625437776,1.8872569954255687,1.9500514235045912,1.9675216274545175,1.969302748794733,1.9715159831674856,1.9773624827086307
61,2.0823724660230414,2.187334480595403,2.2901793965197856,2.3155902864222724,2.335687369718248,2.345067490781191,2.368968981702598
62,2.3537417076585108,2.4144127320757325,2.445074250801522,2.446622173873314,2.4594756701846734,2.505279955030713,2.5209683654419317
63,2.3225615707934617,2.3457505826383906,2.3942696724270216,2.400925555829421,2.4785196864277474,2.5380368432651736,2.5560475918987735
64,3.023889642946093,3.0431088928665835,3.1001055276699843,3.1049766400964116,3.1119811133049113,3.113531693141304,3.1253735033408274
65,2.135564390169608,2.2908226167346033,2.3109845608555926,2.3888146890716597,2.4077227773088317,2.428326333153116,2.4342171035129128
66,1.3749054528945495,1.3960953263368578,1.4103975460240064,1.4519842623748966,1.470909777285101,1.6342773021708636,1.644477798832918
67,2.5467116977351996,2.676739704096853,2.702552066970075,2.729803427476243,2.768794210250068,2.789310796976352,2.8114565535339224
68,2.247818042277248,2.337383783682391,2.5293221430596535,2.534625127989518,2.5606045584625834,2.572965546328469,2.5910361923419716
69,2.3253131226519272,2.4367440949086507,2.476501783557929,2.563933303496765,2.601067310427364,2.6027372413949714,2.644114284943251
70,1.4848372179991505,1.565269405684579,1.5816703548394586,1.5839550437027912,1.730660306757913,1.8140751650388511,1.8202129003489516
71,2.297297015348119,2.314753761936498,2.5770131528815323,2.6569116278076783,2.7466127917749246,2.7555619747106745,2.7788420882247036
72,2.4768001944420397,2.5493728509112783,2.563153942947741,2.652480286281198,2.6748550719666766,2.7462191831090252,2.752903908427889
73,2.4167141356339417,2.4897563955492026,2.5243840155578177,2.6828502747724827,2.6874957500249583,2.701070951759893,2.7156659991224945
74,2.3542302257714383,2.404965145330461,2.494092013281326,2.547913769377088,2.554667034524078,2.6365885891779293,2.6815791619531186
75,1.5615909278770879,1.8224854806642818,1.8490067092396771,1.9725316604842051,1.9927918819801875,2.0224011683944134,2.0825006586452854
76,2.2738904859428883,2.28709790861964,2.383215757742089,2.4215581692576755,2.455295009848286,2.459871677343383,2.4853852523683186
77,2.2508953993548695,2.2529755421121234,2.336620295840487,2.3855580218205774,2.4133061487763845,2.426342757730094,2.462608422311398
78,2.4060404462781735,2.5848885378013393,2.744811543343946,2.78853712333915,2.837173548034588,2.9005710423660713,2.904903269535988
79,2.093165389612162,2.1418273241863317,2.1582107484690023,2.1623730956346536,2.19952731822534,2.275877265125944,2.2912573931016977
80,2.0300360316685415,2.034656472249072,2.050686576902219,2.0758649593618435,2.083475439680038,2.0970813912889423,2.109460724649842
81,2.137558536563222,2.2899205436643877,2.3060822850584985,2.3419958848033584,2.37676032413163,2.379469440981008,2.3837221056773314
82,2.644786286078343,2.7383203301864056,2.756827216315378,2.778434705454578,2.7938276177949106,2.794299106538753,2.7970477161184597
83,2.0180146452210437,2.245201073843603,2.288792745226362,2.3431217027787867,2.3924705543232476,2.4363646174777607,2.4418661211685997
84,1.706783224158021,1.8169578568341178,1.8590096374817413,1.9936658136516956,2.0155946474561097,2.03534053126778,2.067989183773286
85,1.818389021414024,2.264635675766279,2.317107453077183,2.4774620203800084,2.4941934952200437,2.5613782398132163,2.5955553015221406
86,2.359853543196505,2.3953921156904676,2.4849494338129494,2.488451698907164,2.5499685185553504,2.550771123029215,2.5861090443198864
87,1.7597427166961195,1.852646155047978,1.8597393565451268,1.8833020331910493,1.9221295188469356,1.9524604254964026,1.9642778586748673
88,1.995793111632978,2.021356747308421,2.0597502735031044,2.063132280927632,2.103888515693638,2.1370008350826954,2.152243274097085
89,1.521134123613419,1.9250383457893359,2.0375633377314037,2.0703276880579966,2.147299399331902,2.2360891550501476,2.252719178837184
90,2.3478914849129975,2.4140462025596117,2.435709697222123,2.5113254871213457,2.52971198063001,2.569611572567367,2.576296056839519
91,2.034950013005666,2.1608970614557,2.256198147919059,2.2704126596377803,2.2709545623163296,2.3151176072493946,2.316736817700992
92,1.8059414134844054,1.8741143125448054,1.8810410319514537,1.910925450128236,1.9573908684189993,1.967079545327028,1.9769645658395616
93,1.6403709088201737,2.0376615627884207,2.0533508961347144,2.087076137890396,2.092556160453795,2.0969822900223662,2.1292670330240684
94,1.7776278069592928,1.8016138574798752,1.8435758997474896,1.8591966107288211,1.8649639018888944,1.9040914577196848,1.9080673852313645
95,1.6533622872398615,1.9941731734879153,2.058284750888965,2.0893357312869347,2.176139640411994,2.1945920327729898,2.2115266932029654
96,2.4147791755699513,2.439624094608441,2.6784176971142997,2.697047932724706,2.7351147218153895,2.7579484636104046,2.789752749820187
97,2.3928708164881214,2.3969932695145237,2.4356647810413774,2.440297653072937,2.4447524576113837,2.4940757555540163,2.4995108666670314
98,1.9135065478890787,1.9650738831450443,2.031203984884915,2.0584824647744013,2.059128588923417,2.0691775842591342,2.0702696878809874
99,2.141737171062517,2.2182758311563915,2.228679598305847,2.3095071555454476,2.3346641074330985,2.365890191275591,2.3764123964421273
100,1.4840038991898734,1.939272466164074,2.052167792111438,2.1045255337495767,2.1063427211607797,2.163428929663464,2.1679751546158887
101,1.703195197838465,2.0129907062633796,2.0678940923840914,2.1211117582688273,2.1471535870731326,2.224849109892594,2.2296049527870165
102,1.8878283764181412,2.1399917002765023,2.1480397394892936,2.2690757804730706,2.33030122899857,2.360146817608522,2.3867279865482374
103,1.429533102961784,1.4857055675107738,1.613564217693293,1.7107281030709238,1.7939717432491487,1.7959361914999874,1.7979522994330952
104,1.7322427911964215,1.9096031082341716,1.9886185631076907,2.0137170568138436,2.125767418505954,2.1447667303451854,2.156924259935204
105,2.0981629227517713,2.3681544258450677,2.4820711224189878,2.5208038742548515,2.5732473755388217,2.573705317469772,2.5792886209483568
106,2.414548383973253,2.4469553308056167,2.490584409031503,2.6082287767344274,2.6269364265761364,2.665398236907231,2.6684165451480553
107,2.461999347847499,2.5952651674167626,2.6059063003310348,2.659782788357258,2.6895382561615464,2.7092928869931368,2.7729956648660403
0,1.8225894075240001,1.9307170988157105,2.0005403214566075,2.0776627471284352,2.11138711052096,2.1223183846829135,2.1414143271198336
1,2.0400899578475773,2.0880756456385297,2.139305616322276,2.1393351810124765,2.1782276793783426,2.1999472809602114,2.220406471377339
2,1.8875560452591427,1.9066742656324216,1.9333916502683428,2.0275135658926198,2.038550782201479,2.069783886872893,2.071024463835749
3,1.284158247486008,1.362301451400946,1.8211331128641568,1.8740013255870365,1.964807717358318,2.017849445402355,2.054947579739933
4,2.309064327181897,2.6719652550110267,2.6832066702584125,2.712698058561692,2.7294953485215263,2.8167827143819486,2.8239228769390623
5,1.0970420695865162,1.3313023576067422,1.3801987565192997,1.6115050098038333,1.69986036602648,1.7682251761081702,1.791216959543297
6,1.4582757459139304,1.4806905665627697,1.5732047447424438,1.6306015155545734,1.6604147287362796,1.6760385495013943,1.7579868893280304
7,1.8401760241152332,1.923567282204114,1.9774723031453714,1.9956616850258444,2.002659615695443,2.0473752516684045,2.1232823783700523
8,1.8825746312221139,2.042222018518946,2.115460603987083,2.182986224007922,2.225718084707688,2.239909820067927,2.2682005059474246
9,2.659114674388158,2.719256677166381,2.7338488894747686,2.795633208337558,2.7976324809143587,2.8197679296356077,2.829885087206044
10,1.9307126381242563,2.019668325533718,2.2277700270488903,2.285027696856241,2.2932530771866597,2.327839042391629,2.385716676719248
11,1.407510471354172,1.4763341463224695,1.5597039403324409,1.7045127561798403,1.7162956769987103,1.7220069004128256,1.7691615780920569
12,1.5104384225369774,1.5912391035718787,1.6237541120345689,1.6449537060398534,1.7036823515674233,1.7168626232679562,1.7405789307713415
13,1.5614795998816127,1.7128522468577188,1.76068589602303,1.7812501717198497,1.815227371007856,1.8284598035976127,1.8475144088052378
14,1.3069171034107736,1.3383532950703494,1.6634837006551608,1.675749293242531,1.7567420205553221,1.811713786483642,1.8475629641398705
15,1.9368074056802644,2.1005514192668824,2.1142053004263857,2.2005430715116954,2.241888729159075,2.267085438145029,2.2726247659823766
16,1.5630838588249727,1.6133672147167482,1.6255362758575116,1.6476517644348814,1.6891028390337217,1.7200710168461817,1.7415702076655664
17,2.757434955088636,2.870908011107404,2.894802166784697,2.895543181448599,2.896051024415097,2.9659275860504946,2.979313394046385
18,1.236006279315854,1.4864361859022495,1.5744865002616009,1.6293775167413562,1.6375946130258137,1.6493095179835018,1.6649217009608244
19,1.7545248619254648,1.8080194747317666,1.9560412595446521,1.9695500916634514,1.987766390653032,2.012290457108956,2.0775102700206323
20,1.8164922416214744,2.1181110305276807,2.209615101060462,2.234788996642439,2.2931776902099217,2.3026586539868426,2.3090356170706263
21,1.8447760028961777,1.9131953166150024,1.9443518230168644,1.9590288997338408,2.011626372128816,2.017963164135829,2.0629708251675667
22,1.6757160731000287,1.8094578433012658,1.8635220201130958,2.047167030067171,2.057652949054163,2.0584630936784105,2.087333861074713
23,2.313612841958362,2.382432177831492,2.4042293894490476,2.460299726928059,2.481720275695671,2.5148536815568048,2.5405401159238097
24,1.8285303201379015,1.9926045933371563,2.026931828503675,2.0313980288727844,2.0440029706261145,2.0519386500106833,2.074791144894629
25,2.033761941462178,2.177389557061429,2.2129879935128542,2.258319119543516,2.3378718456471144,2.3793792929790025,2.382423177791443
26,1.9507025227746853,2.4749939700180774,2.5543345789054515,2.5672845514948675,2.6439445639801598,2.659449900517113,2.6692838238330365
27,2.151038259185286,2.1917163815594147,2.2571492505400284,2.373434621135329,2.3877342307225535,2.543558960245683,2.5574942324353755
28,1.4493840937397675,1.5232603160572935,1.8465604918302547,1.8702855620262406,1.8758346417178169,1.98156331218518,2.054636080222789
29,1.817915231079782,1.829817178490314,1.9908281827755836,2.033742545084866,2.0338684195678423,2.049225440691031,2.0605513555910813
30,1.9068025140921698,1.9334780360993238,1.9397826648320435,1.9439201515323323,1.9557425867488594,1.9584088663728376,1.999070398990564
31,1.56512349964065,2.020173068070499,2.0293067656141743,2.0524962192028813,2.1357192289960727,2.1451140137943723,2.1956414262278248
32,1.514742761714663,1.523446436145129,1.5429914318910882,1.55694472221915,1.5738562066374577,1.643151099153422,1.6580002005207553
33,1.6957890016042148,1.7432402090256962,1.7791094624258608,1.7847019877875736,1.7880748063587757,1.817064390945872,1.818396296605473
34,2.0033520446779103,2.0087846313403843,2.0241924645578138,2.0937361810401294,2.1068535963615123,2.1755855970545706,2.190722970104505
35,1.7038010118902789,1.8578530272423548,1.8741101804276488,1.8778152074029197,1.8920591143050562,1.991643370549027,1.9989983766557562
36,1.7283754186726885,1.764848779496637,1.9554512362792398,1.9576510435816146,1.9757977348377764,2.046779358539873,2.0558435486038475
37,2.0541831203915146,2.0899641236335036,2.178195763719809,2.253297535799233,2.2778356935251263,2.294253217897888,2.3111453310250996
38,1.7288757967504813,1.7786593282242884,1.808458032690301,1.8087811664213944,1.8726849097384901,1.8813225943238343,1.8849052470781733
39,2.2712259623720406,2.2766438955047508,2.32303527195128,2.329120939923378,2.4408671970996565,2.4465957228513373,2.5079705352185644
40,1.3987292781164418,1.5537190696981982,1.5954824335052074,1.6464697008873614,1.651574772792525,1.7442938022325913,1.7534918157187458
41,1.8349410099180743,1.87023956512007,2.060648528176705,2.110462262980065,2.16639166336231,2.1887689257853187,2.2007224530360223
42,1.7293688417329203,1.7333397861274344,1.7847697478713516,1.7928611189874888,1.8012109002018941,1.8437623114878725,1.855034096245659
43,2.48491563524927,2.639457023799134,2.6409526159674606,2.701610281143237,2.7316123792496163,2.7682504461208386,2.773902709002839
44,1.8255139732079724,2.0899717333941545,2.33483712858906,2.341348791902471,2.3608314347751977,2.4134164200919943,2.4151586574162827
45,1.9871998234491195,2.031322454331209,2.037493425263246,2.062663090845443,2.0693485131286677,2.1911652247307565,2.1925979991060394
46,2.049363364660219,2.260200542432391,2.5907913611621387,2.5928195965781593,2.60270947375965,2.6412293986419497,2.6647056343329925
47,2.302367916520278,2.3751208803444808,2.3751949616977823,2.4571805284725774,2.4797242463535576,2.4867068780225132,2.491652545347022
48,2.232459843569556,2.317385414676337,2.4495706946097324,2.4504544704790123,2.4616671418170104,2.491498181212928,2.510016499338293
49,2.0086917959003587,2.182434363663402,2.218765456264762,2.326001769277032,2.3366162886370785,2.386920526837427,2.417495532844573
50,1.846145540971599,1.9821709764037447,2.034733359872434,2.0646744059014823,2.095052053950509,2.1522542883882982,2.1886112588168003
51,2.2814685745492387,2.2894801996844145,2.393378990720859,2.3940698197542343,2.404237485235512,2.4411156068593853,2.4475412504854477
52,1.9637750155446467,1.9880817488871392,2.0606235655733673,2.106383529759319,2.153758037804151,2.1791753861509715,2.2011428500360446
53,2.0457541527360807,2.3317477112756957,2.3527386789129383,2.375272141154314,2.3925566466985835,2.4018629947070202,2.4056631693911887
54,2.3285602982337656,2.3299225577678517,2.437208294919566,2.5248048968109047,2.5265506223738132,2.549732282049691,2.624303934174109
55,1.6034386216558063,1.7906473205300981,1.80511982102406,1.8235861813859147,1.8292247645849753,1.8682995493135692,1.8852817734048661
56,2.211230794650687,2.5713560444828225,2.59824686814328,2.664883795980684,2.7355939857633667,2.7471889126924283,2.7801141195174375
57,2.0239251599039125,2.0413895171253427,2.1355270582679835,2.2023033784938173,2.2213680194085867,2.2265571881788584,2.2363459240836185
58,2.30515813967201,2.473891674155674,2.636927611582114,2.64163566647976,2.6464052585123468,2.6471466043528094,2.6651856987147706
59,2.04409133203583,2.325187125331442,2.408360714462312,2.6088256567808004,2.6476373728324982,2.656283800966364,2.6710745645759566
60,1.6184613799750938,1.8406091993280496,1.842732397430159,1.8928078895688791,1.9347002447398363,1.9401767710511488,1.9910961672646137
61,1.9644637945371923,2.107657545576524,2.11196542505574,2.196414027046944,2.2369491666113395,2.2592621972584657,2.2907595418174767
62,1.88359562854942,1.9797014472300358,2.0025760987983365,2.034557570183706,2.0797452279544295,2.11029860278934,2.1260902624455884
63,2.038256380636402,2.0643533340160767,2.188518255355517,2.2119799720746287,2.2121602993034246,2.215016674525687,2.2385676711952773
64,1.85623454891963,1.9001750036206504,1.9193280338329415,1.9891934029180982,1.989836073938747,1.9936359693112686,2.008050693383843
65,1.8788824605965442,1.9199221541358045,1.9375171504919988,2.002419985468784,2.0114515587538238,2.0261913103965723,2.0362286272837355
66,2.094558352963902,2.2091025524870793,2.249406820091382,2.4204495565530606,2.428093274514074,2.429553455069004,2.4300592113742128
67,1.4089975823028291,2.17842052174218,2.3583557115215115,2.4081558273068713,2.4528957303189265,2.5322225002380168,2.54035464591468
68,2.4784177942276355,2.5197373292740872,2.532693837670611,2.60825519782689,2.6115434826145227,2.6763602091688474,2.7176118365148136
69,2.631695583679728,2.71083109556097,2.730762044137968,2.7824858724162187,2.782935379560161,2.7938661387645936,2.821800704753326
70,2.367307895758761,2.415532562720102,2.4694625662218144,2.5155065105143057,2.5192346796534837,2.5208579812763547,2.542380612768015
71,2.1865640855071535,2.3087189924428615,2.447329454739609,2.4648136488976826,2.4898466144948053,2.5011107751161568,2.55507036125608
72,2.331949229245208,2.3394368137817385,2.351883722238832,2.370013982474664,2.378956840932573,2.388204084667751,2.391900434697908
73,3.051073308320358,3.2830994328670156,3.297080479234858,3.367775165445266,3.374213827251959,3.3937235527630256,3.4133728662215903
74,2.271031622607542,2.3066356958287995,2.3079626455642424,2.314749954128344,2.337861018667746,2.3777432609479483,2.3839003600266673
75,2.7408875911376653,2.7497937714019445,2.7595292936289773,2.842957161455999,2.8582835364013177,2.8886059949895198,2.895833935883404
76,1.8435281888359218,1.9724186619928405,2.0789143974265833,2.1506466582055035,2.1968360485709795,2.2354770502528964,2.2468026885724095
77,2.7091955860664907,2.7118618653343454,2.7216197947631784,2.8041710256530257,2.921626374663441,2.936156690531662,2.939102578945346
78,2.3572648152942555,2.4002017622731007,2.4098214573790595,2.427651960778609,2.493772861990664,2.511709806136883,2.5427418942371163
79,2.414658762938177,2.4210631148427444,2.4550010230902624,2.471317407654519,2.529511346882345,2.5640521168802426,2.56986126568849
80,1.8843266486069283,2.0912053334395453,2.1645030207921403,2.1912459222551433,2.292599255537005,2.3450035077929288,2.363832998503857
81,2.2803999949439673,2.3790244291773686,2.3864263490889197,2.4696884116462487,2.5020333915759863,2.5132755264672313,2.5220489987729278
82,1.8540651826792,1.970809193353161,1.9816220479839939,2.1592964995605497,2.200255571107436,2.208115136608994,2.2779064706748793
83,2.119919667599661,2.2103478025026857,2.2757534978726404,2.2965787755310547,2.42062677488082,2.448726927387432,2.464141906413955
84,2.833482586203516,3.0498786669011615,3.0844035920891653,3.099706915799897,3.106293721815595,3.114286499109402,3.116037344895932
85,2.3255005404053017,2.3955791609630017,2.464792179779166,2.5545320996246947,2.5646859160565425,2.5912981734334917,2.5942185188542597
86,2.2845216562594164,2.306704427847772,2.3099993386023696,2.3579103441120717,2.3801635848399525,2.3945449650298674,2.411842494655269
87,2.1072325656978377,2.1288739591374184,2.138589496689019,2.1738975114967896,2.1975473244714614,2.205296820054707,2.2425410347092694
88,1.375281798424653,1.7662024372598502,1.8181390325097728,1.9306291641946665,1.9507367605339443,2.0261075988340247,2.043755237239203
89,2.013909661154032,2.0623598087889086,2.1224373590299583,2.2264792361073873,2.2398775171865646,2.278613943826857,2.38683568860418
90,1.3612162659932372,1.6013424387035713,1.6619203070970123,1.7326426027906339,1.773449636421731,1.7774986199113914,1.7924357586414437
91,2.14659657916245,2.305190687488355,2.3342399243414405,2.3716711539049276,2.3946895524280225,2.3950192042253775,2.403953899584931
92,1.889955516356686,1.8990692962495541,2.1144377530779455,2.1634491613428404,2.184110332531161,2.2100820849088043,2.213272639235709
93,1.8715020404498628,2.0227961408887856,2.030427310468569,2.1408526562097285,2.1644221811086823,2.191698068755136,2.2006390311961006
94,2.0605886588353566,2.0761897520535535,2.0994068476178662,2.156733312804372,2.158984154147482,2.183060131203551,2.2414960404185393
95,1.7786242858165158,1.9320715455115982,1.9569657624717371,1.9577401906321896,1.958114401756417,2.2020388736837497,2.2043462803483655
96,1.9485505325566839,2.260448413288385,2.2888301711501473,2.3645824627346093,2.373205195719569,2.377210627509267,2.377422622907699
97,2.4232674861762242,2.4319128010195503,2.561526238734729,2.6250364403984827,2.679766422156555,2.6925842011498853,2.711580483227892
98,1.5466567909578728,1.5854421167083483,1.5950923987735444,1.6206267504210967,1.6294230567783747,1.6605999541662242,1.6621017969269176
99,2.5322394533525343,2.66427347252443,2.748363482796696,2.750162308552671,2.76139751950925,2.7764750937148612,2.7786044654667843
100,2.0699421906990434,2.091112390200921,2.0934276778122562,2.1643882326115276,2.1889458160778883,2.190248714698588,2.309551758659633
101,2.3065259010010006,2.3377561396991875,2.4162950758206456,2.4457373801491777,2.4563933600718983,2.5179804506227486,2.521126826904175
102,2.0730914399472007,2.0803936193680634,2.3631453972603893,2.4008453245090235,2.5130363174530195,2.521151703370677,2.5382735682971878
103,2.771284531319948,2.793674516787687,2.9801840057872773,3.0150937898142867,3.0266077863766845,3.0349561488284786,3.0585798160731024
104,2.441884475898584,2.5323398437974354,2.666661014044611,2.6959627310973597,2.7178221745084854,2.7305569747711935,2.7432739638057
105,1.7297732647135573,1.774137822896316,1.7802817599468774,1.8855200157933516,1.9218222372751625,1.9335182730657217,1.956846278076933
106,2.5177299859796944,2.5182623605738645,2.5507254086003344,2.5808031436644736,2.6233619998957622,2.7364467944398365,2.7472867016079863
107,1.5670583610025615,1.596139675083335,1.7535370651272875,1.7801604449591382,1.7977432128068633,1.8349289360462426,1.8389372708151182
0,1.8241564409107667,2.026102340915254,2.131983885066817,2.2197602870607236,2.292548053894126,2.3041179686849875,2.312081150494356
1,1.8890969223042213,1.8922186772773868,1.914842925960549,1.9239167352761959,2.0209773788014345,2.030949859930377,2.0515024890071882
2,2.485046577468136,2.491462430396451,2.5001433117523644,2.5457272128445543,2.5514898055602133,2.567413994045615,2.5794994100682267
3,2.3586503314077687,2.4494496876194507,2.4504930658212642,2.4606895054206253,2.4626261524619144,2.470169363570447,2.4886488216413816
4,1.713783152512762,1.8588414181121156,1.8685199720104975,1.9077616749952035,1.917607682592032,1.9506325863114111,1.9629890031845962
5,1.8809939248574028,2.087343034958816,2.121430027404462,2.2122179444778554,2.2393798064259216,2.2523027028208875,2.261992901781254
6,1.445193166337528,1.5723584604422702,1.6464655976084086,1.7444065170149865,1.7641208026678437,1.7687958870466969,1.7774064603777877
7,1.6359099788042308,1.7868555591269013,1.8264208612086286,1.8809145668220588,1.911369105407071,1.9153435208229395,1.9412234031200468
8,1.9647431422389472,1.9687450006668166,1.978580200680658,1.9823529518107625,1.9943032177528703,2.025800768227539,2.0460559048787528
9,2.084128883999994,2.1272838172870707,2.1980812735181234,2.2233371727762306,2.2521020137945493,2.3099936704316884,2.359459038306941
10,1.536981851594947,1.5966652027485444,1.6904856681558629,1.6937534622228512,1.7128442334522116,1.7130494455137628,1.7223113903593754
11,2.487341918156157,2.5497499613265986,2.559468355276359,2.5727247698097746,2.6149919461529274,2.6364236173848314,2.6387668568028024
12,1.7793699893856323,1.7962880676619977,1.801942352092749,1.8274440060136683,1.8603600706279868,1.9148952843030982,1.923919455423993
13,2.355906935601484,2.4871738790739175,2.5466597369541297,2.658452970448295,2.6891731680982613,2.7109351724036714,2.751278671937946
14,1.933235943827755,1.9542564805637697,2.0494669571597752,2.053723481787959,2.140692611804755,2.196464766089663,2.2137186753687934
15,1.1042576752858135,1.4458109406671387,1.5428672775160908,1.7049525669184629,1.758478560711682,1.8670434058400094,1.8688755979287817
16,2.0454855381270005,2.06138112286165,2.0819166908723505,2.0921969614426907,2.1404186476811513,2.16278214449962,2.18309556243106
17,2.207946363625464,2.711202836076693,2.7618974995379584,2.826190726641857,2.8879555739961713,2.902806576186483,2.9953181905190034
18,1.4753053315580686,1.518036400250414,1.5557221051198322,1.6171516123806724,1.65862573032456,1.6988047071678178,1.714378102167361
19,1.6467764232607727,1.660860805202391,1.662210324103655,1.682708837840265,1.7043222819200512,1.7220057120033359,1.791795605898335
20,1.3102508304326048,1.4207693050298191,1.5105355634747528,1.5853874170076347,1.5904534830140777,1.592039475761956,1.6176546602141144
21,2.5494271177628307,2.5523079845243073,2.5589581609835492,2.596139112992274,2.599584806904143,2.627711707850315,2.6448394279570633
22,1.4755925332277722,1.6226430053333452,1.6564030176010907,1.6843808165932157,1.7379614621455244,1.8032862166958923,1.809387152810208
23,2.1006639584127096,2.1898154721649172,2.38833236589983,2.3911604577775347,2.393055974955083,2.4032720986952687,2.432535324618605
24,2.067248723734877,2.158116023550168,2.275284022065634,2.2844250659045713,2.3025571293153444,2.3044237076245184,2.324174169066387
25,2.9920665182556117,2.9937661353011085,3.006903020759732,3.0885237480099392,3.106363229440322,3.1239113621255457,3.127170236073881
26,1.5085520755462314,1.7068440343775444,1.738841186237596,1.7439282667626732,1.8409116445648024,1.8642042821111415,1.8816461749455267
27,1.8717682252851942,2.3113431330816905,2.369726345521661,2.400042404123621,2.442852588738798,2.4662167112127777,2.4705444410381032
28,1.9908041793139168,2.0571829606429306,2.0625739749875143,2.072356203124991,2.1278441156677297,2.1434167464691707,2.147744761263438
29,1.7353938470381234,1.7946613064465582,1.8745261862984166,1.9181201084658719,1.9389369766757836,1.9400601002000388,1.956767818099885
30,1.850190744610752,2.011323746437715,2.173734840641444,2.2097012164825958,2.240630270005244,2.2914726474623603,2.349477838700036
31,2.161022867042557,2.1735331312363306,2.266467935315231,2.267562776197451,2.2718778881967254,2.2895348318155526,2.3074679752277514
32,2.005346425514872,2.2342694662160247,2.243218338809235,2.2943503009740267,2.415112546904203,2.462498372607879,2.4792407140552832
33,1.5788533882482272,1.7312545602910838,1.771633812616098,1.8354311797420597,1.8854366946541532,1.8909253183328985,1.9018474377185286
34,1.8855312507631363,2.141523109396613,2.148795660937947,2.2212017483790243,2.2675921667740893,2.288665992563163,2.2967817622998936
35,2.176532595313522,2.3072014565340333,2.3362796167780604,2.350035738159831,2.3784144832753373,2.3827571045655858,2.38324438568363
36,1.670818882644997,1.7188067100787665,1.7335737422362767,1.7347313983529034,1.8000337319745228,1.842601864752235,1.863985774392495
37,2.15997980005567,2.188246756318991,2.2810165319836995,2.3026108364049893,2.44244192571734,2.4621602994992378,2.4852525923128987
38,1.9912475351392573,2.2264946489375417,2.295477356313107,2.3222271350305967,2.3309758226501107,2.3344725661795054,2.3354852161029833
39,1.8474474481999301,1.8668151348072177,1.8766684300986838,1.917411518891374,1.9593056437211742,1.975871842487119,1.9987731146473722
40,2.08830333176954,2.2929833000474953,2.3345620772831794,2.347569556296728,2.394597964333007,2.4123986554774723,2.412794878686976
41,1.4758412629123998,1.675976330222181,1.8423137805719212,1.8714573800834013,1.898195592207357,1.904710042033316,1.9281832870460933
42,2.3277632291893875,2.3284097632418597,2.381382616594716,2.45128701668608,2.455519600832866,2.502410619591602,2.5187414523954694
43,1.6805777872280945,1.6836399740729922,1.894403174318618,1.9384997795467611,2.050397116090859,2.0516346031614754,2.0607418607083434
44,2.02224431969003,2.055961190051436,2.247211941026366,2.3238514342458463,2.346987994736826,2.4061505266944074,2.4264220107566055
45,1.7480968084304498,1.7852556836657711,1.8611373922339194,1.9067221279633275,2.0345245644289385,2.24443966814354,2.278613928860591
46,1.968474560394658,2.0328864379599914,2.1266922033727935,2.138460417887433,2.151151102893306,2.1646197157299576,2.2163155529126657
47,1.5035366921124385,1.539779025372798,1.6631337518674851,1.6661376344563699,1.740154996774489,1.7577511818682892,1.7865948244233925
48,1.898961791051807,1.9886733417566718,2.1602576655770647,2.1635999277370486,2.249122031425694,2.251220973663654,2.29628655667382
49,1.063669672699116,1.443958281577362,1.516858597137023,1.596430563721781,1.7151170281939678,1.7245095825033956,1.7325594876347419
50,2.3335940958601795,2.3747280509524833,2.399260320287741,2.4403534834930802,2.4614537737821065,2.4690780176649145,2.5232848232851146
51,1.6884540623365136,1.7256375974798845,1.765798115648009,1.7950231057179142,1.818918384837641,1.8204270948566237,1.8240513746490425
52,1.7666710829242753,1.8282884236960624,1.83403253226674,1.9433604647493292,1.991033408688744,2.0316651096888596,2.0376495334631843
53,1.481036883245752,1.5420353337357475,1.6262820361940336,1.6393886495010552,1.6405314244024332,1.6671180111276862,1.7665346002553697
54,1.7068555032443808,1.8258708670016892,1.8328422970975047,1.9864512845541185,2.026603603061162,2.065546454673876,2.0973452098854075
55,2.2974418509063512,2.3917911431726133,2.3997435016970297,2.4389340122956336,2.453370594220033,2.4645779762744344,2.4772272906042794
56,2.380186336214519,2.3879522525938723,2.458660423045059,2.562453840467041,2.5877094051513665,2.5998047729145917,2.604178640359371
57,2.302331845914638,2.432676089149949,2.5341548457573833,2.5761996385427843,2.6079183970396707,2.623444869825961,2.6268787067323567
58,2.20590421105159,2.2113216842793952,2.3367441885319464,2.3384814663855362,2.4077047404689633,2.451302879426879,2.4562572487450747
59,1.7483356769691345,1.8445261921491638,1.8576041610631595,1.8920828128884628,1.9603194412779337,1.966501418772374,1.9867832261947957
60,1.499760108148535,2.011462620174292,2.0399931459536083,2.109277920047274,2.135552873978091,2.18373123976281,2.1923491904138466
61,2.5166970008321026,2.688180519534621,2.7680754616963643,2.970783474989308,3.0796007216487356,3.097759701606725,3.1139193358887525
62,2.1990118004798416,2.4804604239014885,2.5449743288004973,2.618528543976082,2.6563529435542264,2.664410852831626,2.6734774204459746
63,2.438469588478303,2.6529602847904292,2.722303442513318,2.808669956381755,2.812050932660483,2.8548634121338243,2.856769414551074
64,2.9002221099118994,2.9339995956557203,2.992443240799887,3.0847830250018657,3.1095317162391334,3.131130214269613,3.1384159184657068
65,1.697981434001046,2.0634487303891427,2.069715689133117,2.1117917587740656,2.1241599539159908,2.1567735941374826,2.1999325993440313
66,2.279017167589455,2.3435948201587604,2.3674434463518867,2.3765933415793254,2.3799871925020764,2.3971937210541645,2.4900238907156673
67,1.3713005598119188,1.465409373402125,1.5831889241942785,1.656772405434182,1.715341454283593,1.7421052468147988,1.7571343320390238
68,2.350830013614203,2.39139376053584,2.401591388267242,2.4558638061813656,2.458411619230322,2.4600523570008503,2.4687468645690487
69,1.977184034168146,2.182620907161375,2.244182046292916,2.3015548335109597,2.515492328537651,2.5198408982536775,2.5749261741932417
70,2.32886901240171,2.3435018729858372,2.347286487980446,2.3526415814338866,2.3615447567033363,2.4254257384398437,2.4876649814358256
71,2.007258222353083,2.059635458863302,2.1703161767644965,2.2799641042796326,2.357082479741429,2.366840760263926,2.379685453825658
72,2.1562161836585196,2.509841302084909,2.5188653897572433,2.5597966689686342,2.5610888498979043,2.5616353004644092,2.5739339005768938
73,2.4358152668436195,2.4362448361028806,2.544794849954897,2.546071292022524,2.5628986594890875,2.588556739751798,2.5996507638720376
74,2.3200961763353223,2.435803060115821,2.656704324350345,2.673900872639514,2.6864573079308545,2.6923610530288498,2.6963377360534433
75,2.6029269398766828,2.623074658678186,2.688172389623506,2.692909979290182,2.8424653054747404,2.8974583377696264,3.0049272138465946
76,2.6755654858349405,2.7145931188684567,2.7156654062823784,2.7500803999308214,2.7715081317031274,2.7927273162155988,2.813174892243665
77,2.1425374228764875,2.225693196552567,2.2580161037827424,2.29324087892593,2.3099832044384643,2.312925683663013,2.359293504944466
78,1.8450459834862278,2.364109563840765,2.4324876008506795,2.4326363545481975,2.4890287449061614,2.5451868003139237,2.576885161230083
79,2.3270765450479947,2.481752151722069,2.5425816561603125,2.58156859533322,2.6335626897595064,2.6560617554714705,2.7083693744933646
80,2.1325172382111175,2.365969959088424,2.3779633483770057,2.5165102098964773,2.5438693431657793,2.5533779119150832,2.5687995967537702
81,1.774351428666302,1.7831833453655235,1.8067584554460838,2.0028902677082967,2.0348886469829495,2.0743521946519627,2.116910347283362
82,2.134421374221364,2.39676642244941,2.4208939141862107,2.5266037835310393,2.5493492271057634,2.602889711087056,2.6246022930777233
83,2.0199972714713246,2.247459159487375,2.3678649363431403,2.4440259543593745,2.448560688834824,2.4529487807073522,2.4568680516283257
84,2.5780702777071443,2.859660609596665,2.878439798582738,2.8851670825585187,2.885710565875527,2.8864046334647107,2.893203348258552
85,2.1528052098558628,2.329691366697387,2.371721224965734,2.4044583019877703,2.4152811065784676,2.4257814330884013,2.4338049655488727
86,1.8326909887095,2.028509807387132,2.1558704377234807,2.2133436716745236,2.228313103122356,2.2540412762016873,2.273788554683571
87,1.4241003195645399,2.3739081434545057,2.4799463220865205,2.48515411626494,2.4880176977812387,2.5428058502670914,2.6473459276003686
88,2.4759867143088243,2.5228738173939256,2.577109265784456,2.581354252055622,2.597072309723387,2.605673856869588,2.6154097934261964
89,2.4634805587094686,2.550996584013343,2.570538853344202,2.593116797444606,2.6302088689922987,2.6554765708114747,2.661281326462206
90,1.8602556009425246,1.8747685892357369,1.9224338800828629,2.004449020088281,2.0388699394347567,2.087306791151871,2.1077483317136436
91,2.476714056539201,2.4947750394950106,2.5416230212170037,2.5927194953305626,2.6015663075563986,2.6203716980577214,2.6491799109987126
92,2.451640250863661,2.5884329799894963,2.709077438492595,2.765348389174203,2.794154772319627,2.807933376341406,2.8353100010354932
93,2.163046142472737,2.1843861234209307,2.3312074731785875,2.354173974515099,2.4103896605072297,2.4563021490313797,2.4810522708173424
94,1.9867926200695871,2.0558198609436977,2.149911917641228,2.156319565482435,2.1678381311025325,2.176959880872069,2.1874875742760707
95,2.295603678313942,2.3521857145858274,2.3705117328110537,2.3954229265434805,2.409897154803711,2.4260107359189482,2.4331181493632377
96,1.5863727889370929,1.963420960698605,2.0104652204098783,2.028789642115053,2.0583523621788653,2.081297096409502,2.1059959207015515
97,2.5276662275940462,2.6308478593248483,2.68864400170433,2.7202611663581475,2.753558477900179,2.788650313335067,2.7981640516029698
98,2.4514779641773523,2.635605999158421,2.6563126456523865,2.678596575534324,2.6812738070510873,2.6952299627254175,2.6988196900812578
99,2.234019594805669,2.4568207689449464,2.5094029532665223,2.5297653544642342,2.591117512890493,2.603821391534233,2.6114598420982342
100,1.893731550017739,1.9195732706827588,1.9482978784214307,1.9781865708457693,1.980544207506275,1.9872590681899984,2.0260378138247477
101,1.6625598810638325,1.8554318767454632,1.9158221335892593,1.9985962448526255,2.0228796742410906,2.0467920809322377,2.056329411278099
102,1.3314582901711913,1.3937060866651554,1.7376821327912406,1.7579554085617708,1.7594997077043026,1.8490465156714706,1.873128436157981
103,2.360394889168227,2.477984991065171,2.546744669084485,2.710037005085784,2.8054887245303477,2.814137144405211,2.848267631927419
104,1.7443821007317555,1.7709337781195795,1.8026956900993516,1.8947670631695679,1.9002525609155576,1.9127355706585991,1.9257917640739868
105,2.420238919075172,2.4678614281175557,2.5004485241865235,2.5330128239166054,2.540334599016537,2.560563062560387,2.6338332657969423
106,1.7805996142211278,1.8856897256020089,1.8906814609538032,1.9308503232323513,1.9476411010232255,1.9954865699827498,2.0102027363408776
107,2.2285638322140353,2.2319987576462914,2.2414186271754377,2.294724925145255,2.371658497589459,2.3825838717595476,2.390270234738922
