,Estim(XGBClassifier)_Imputer(IterativeImputer(<class 'sklearn.linear_model._bayes.BayesianRidge'>)),Estim(XGBClassifier)_Imputer(IterativeImputer(<class 'xgboost.sklearn.XGBRegressor'>)),Estim(XGBClassifier)_Imputer(IterativeImputer(<class 'sklearn.ensemble._forest.RandomForestRegressor'>)),Estim(XGBClassifier)_Imputer(KNNImputer),Estim(RandomForestClassifier)_Imputer(IterativeImputer(<class 'sklearn.linear_model._bayes.BayesianRidge'>)),Estim(RandomForestClassifier)_Imputer(IterativeImputer(<class 'xgboost.sklearn.XGBRegressor'>)),Estim(RandomForestClassifier)_Imputer(IterativeImputer(<class 'sklearn.ensemble._forest.RandomForestRegressor'>)),Estim(RandomForestClassifier)_Imputer(KNNImputer),Estim(<class 'new_base.ClassifierWithImputation'>)_Imputer(Identity),Uniform Model Averaging,<class 'sklearn.ensemble._stacking.StackingClassifier'>,<class 'new_models.DEWClassifier'>_top_1,<class 'new_models.DEWClassifier'>_top_3,<class 'new_models.DEWClassifier'>_top_5,<class 'new_models.DEWClassifier'>_top_None
3,0.8534217923879623,0.9128325209021568,0.9663959667086601,0.72210693359375,0.6410932039628106,0.5456588173284709,0.6862779363167427,0.3511974037423454,0.5921884477138519,0.6967970025174168,0.9906402723863721,0.72210693359375,0.8526278346299632,0.8523776869094152,0.7304308984719476
6,0.5516190528869629,0.6931593418121338,0.5771359205245972,0.9434313178062439,0.46717620681948174,0.4360344980867205,0.45863318193199226,0.5900851755300046,0.6983404755592346,0.6017350189952635,0.9894835352897644,0.7270498871803284,0.7533257706512888,0.8278906868300786,0.7105260875215952
7,0.006328582763671875,0.07878530025482178,0.0613856315612793,0.008153080940246582,0.22889072436735403,0.32997325007909706,0.34971571841640414,0.28598347307780525,0.06688672304153442,0.15734472050024603,0.010516464710235596,0.008153080940246582,0.17770953221796604,0.21468387196749084,0.1402926934493881
10,0.23620331287384033,0.5323889553546906,0.28310316801071167,0.06493282318115234,0.5728283646177568,0.6419823143114523,0.5785108045448542,0.5283982270795542,0.673913836479187,0.4569179784947999,0.010516464710235596,0.09766256809234619,0.19638190595783978,0.2627452625607025,0.3789014442983957
11,0.01908290386199951,0.06806397438049316,0.07262170314788818,0.12432247400283813,0.5201392967325713,0.5513907531630726,0.6285527156849626,0.6139224061142585,0.09371286630630493,0.29908989926604324,0.010516464710235596,0.12432247400283813,0.11413148394963302,0.09128387042371089,0.28185605136835234
15,0.010761238634586334,0.024072691798210144,0.25825655460357666,0.018862048164010048,0.30533335546990054,0.324348656243491,0.4528183268752424,0.3072044960955214,0.07065096497535706,0.19692314809554393,0.00935972761362791,0.019394230097532272,0.03578784716329513,0.032043270312666086,0.13937633650174505
17,0.6351984739303589,0.6887173652648926,0.2768044173717499,0.8966951966285706,0.35524104298001313,0.4185065764937345,0.3771288138083746,0.5174907061444515,0.5770659446716309,0.5269831708104197,0.9894835352897644,0.9006171822547913,0.8761112620214769,0.82397600286055,0.7109932108334247
18,0.9891424039378762,0.9627786688506603,0.8622070252895355,0.9917691815644503,0.6029822051924337,0.6973941721165762,0.56492244063692,0.7631043899066222,0.5427859723567963,0.77523182887243,0.9906402723863721,0.8145903646945953,0.8440915077041169,0.8169505541350812,0.7392717467005856
20,0.603689968585968,0.444253146648407,0.12600077688694,0.7960289716720581,0.3461202544684202,0.29539292771195,0.20075865215774422,0.3690976847537834,0.6214209198951721,0.4225292558644937,0.9894835352897644,0.7597103714942932,0.7981614023714545,0.7647718795690212,0.6255490237675349
22,0.17788277566432953,0.02369000017642975,0.002232922473922372,0.02083566039800644,0.08295333837218893,0.07834372499919769,0.07247720072756715,0.17952140654255566,0.003624222707003355,0.07128458356235565,0.00935972761362791,0.02083566039800644,0.02344841016186193,0.019639156243662158,0.08419023792049232
27,0.2968670427799225,0.481981486082077,0.2539616525173187,0.5893458724021912,0.26240661251327885,0.26937135231333603,0.21908675446366974,0.3683059518193585,0.1901783049106598,0.32572278108909025,0.9894835352897644,0.06091852858662605,0.1648980505288477,0.20986961718463798,0.24013662595210056
30,0.7702875733375549,0.9104114174842834,0.6518197059631348,0.9083771705627441,0.18217235089731665,0.42083466995331476,0.41609402615410124,0.42977404373937,0.7043851017951965,0.5993506733207796,0.9894835352897644,0.45986202359199524,0.36894383011651966,0.3597578087911829,0.4839831161429918
36,0.13524357974529266,0.039640139788389206,0.013803320936858654,0.0623827688395977,0.1532233305509049,0.13564148564844924,0.1184594397480991,0.19752833016844126,0.14640523493289948,0.11136973670654804,0.00935972761362791,0.025011645630002022,0.0762046995709243,0.06440262899746946,0.10661016802997592
37,0.021111059933900833,0.023274948820471764,0.025063754990696907,0.06505056470632553,0.21452568816617235,0.19671288825407493,0.2021260140877397,0.2868472667603254,0.2413519024848938,0.14178489868940014,0.00935972761362791,0.011283136904239655,0.0420437258793028,0.07777976653796431,0.1485634223728337
38,0.024104217067360878,0.013429909944534302,0.00679188733920455,0.022548487409949303,0.12658504857144648,0.09970615826606305,0.07577218372273235,0.13548939030192197,0.18137678503990173,0.07620045196256829,0.00935972761362791,0.13548939030192197,0.10316826049931703,0.09378494111394017,0.09065683563109957
45,0.9419027455151081,0.6394633948802948,0.08932948112487793,0.9068882763385773,0.6987618648570362,0.6245232619271357,0.6515413184904202,0.6404091460465668,0.38053929805755615,0.6192620874708415,0.9906402723863721,0.47499996423721313,0.7516192118528267,0.6333005320511639,0.6295399515898247
49,0.0025366346817463636,0.0018116108840331435,0.0009684823453426361,0.0005109375924803317,0.026970619088439233,0.047482564906961455,0.03435552012330434,0.03624200692168935,0.0006328662857413292,0.016834582536637575,0.00935972761362791,0.0007183747366070747,0.0006183226399524805,0.0005999686111817944,0.012831273314413966
52,0.6571350395679474,0.31376785039901733,0.07133221626281738,0.6935148239135742,0.5572213641306125,0.45045912243004116,0.26804120156275024,0.5870576953076855,0.7442766726016998,0.4825339984640162,0.9906402723863721,0.9063034355640411,0.40814931982940317,0.5268383101616425,0.5267013015462951
56,0.0031567197293043137,0.0014405354158952832,0.002641845028847456,0.0025628837756812572,0.08602750575367507,0.10899588766509316,0.07500245362316034,0.11934808552715732,0.002019240753725171,0.044577239696948816,0.00935972761362791,0.0018805033760145307,0.002456436716376767,0.0023957603679536535,0.04248688684037605
63,0.10664552450180054,0.5207620859146118,0.7605864405632019,0.598402738571167,0.6040376550934701,0.42454455878074454,0.5310327711263523,0.5284046181478823,0.7405340075492859,0.5349944889165018,0.9894835352897644,0.26834478974342346,0.5168728687052385,0.4893369968308342,0.4788612770974959
67,0.0036651641130447388,0.004572296980768442,0.0017897086217999458,0.0034854309633374214,0.0425382644693541,0.06313481905640825,0.02753188682331065,0.03551516709484952,0.0009282933315262198,0.020351225717155474,0.00935972761362791,0.0009282933315262198,0.004973099614818146,0.004467961156824647,0.017613146469363593
70,0.010294269770383835,0.009375506080687046,0.002823461079970002,0.014908450655639172,0.058591766409012466,0.08841522552575132,0.08391071057387645,0.11714696448102456,0.0010324808536097407,0.042944315047772734,0.00935972761362791,0.0010324808536097407,0.0029689321415906304,0.006271136758550714,0.04110614042067002
71,0.18308615684509277,0.04963679984211922,0.11835606396198273,0.013863199390470982,0.09768260928959543,0.16944784693878376,0.2294306862687749,0.17272692271199616,0.021894803270697594,0.11734723205772372,0.00935972761362791,0.021894803270697594,0.02028318068809516,0.03358092446194675,0.10050514064830793
74,0.004816949367523193,0.004290223121643066,0.014094352722167969,0.0036126375198364258,0.1286036751469084,0.2661093546260611,0.07434021014010472,0.2058073132679913,0.017920613288879395,0.07995503657790173,0.010516464710235596,0.014499843120574951,0.08233463683641518,0.05465330311905747,0.09099779692094478
79,0.013466729782521725,0.05080617219209671,0.07522027939558029,0.08823259174823761,0.2760743718410271,0.48658267520497034,0.3720253917218644,0.455709025743082,0.07674288749694824,0.21054001390292537,0.00935972761362791,0.012940197251737118,0.03833579153990267,0.12794678081433516,0.21935699016768856
80,0.9809650890529156,0.5334196090698242,0.9877678481861949,0.7642998248338699,0.6986197255421798,0.6163219296911212,0.829018218215598,0.4886620865783644,0.8903495445847511,0.7543804306394244,0.9906402723863721,0.9903483157977462,0.8435303319440259,0.7293404127230348,0.7304825276202354
88,0.06445710361003876,0.0220183115452528,0.03137335926294327,0.47936567664146423,0.18713147798847132,0.20808422653583297,0.2714827543127722,0.4393657325583804,0.12230938673019409,0.2028431143539278,0.9894835352897644,0.005289137829095125,0.05021088105393867,0.12753868535560325,0.19320787218211816
92,0.9828417897224426,0.9790327548980713,0.9491967558860779,0.9952284097671509,0.7912836747524943,0.6700050655587938,0.5608014325733053,0.7405602441755229,0.9222508072853088,0.8434667705132407,0.9894835352897644,0.7405602441755229,0.7490781588576902,0.7084853158442059,0.7546477527598906
102,0.951650857925415,0.8835954070091248,0.8415498733520508,0.8454442620277405,0.41750398040880915,0.31411695286750424,0.41533647988661265,0.5217464539505375,0.6762693524360657,0.6519126244293179,0.9894835352897644,0.9220818281173706,0.7812883720027248,0.6610694901675914,0.6455034160349372
107,0.08279978483915329,0.030282096937298775,0.14895565807819366,0.3078813850879669,0.2875690778608553,0.16836626664612664,0.20706131894697838,0.3265939305043923,0.03519624471664429,0.1771895292908455,0.00935972761362791,0.03519624471664429,0.19463996959755908,0.2160250159052659,0.26076756341807217
108,0.044716257601976395,0.13201795518398285,0.2703869044780731,0.2098725438117981,0.34594044487907794,0.34607941580835794,0.342281718147904,0.31299443735537585,0.26181966066360474,0.2517899264366834,0.00935972761362791,0.19945739209651947,0.19377777790383147,0.20979589562646472,0.25692493583149467
132,0.014202089980244637,0.009939008392393589,0.0030996128916740417,0.009379364550113678,0.08967414107490619,0.06618388320811659,0.09219820026616814,0.1510558417198217,0.007046551909297705,0.04919763266585959,0.00935972761362791,0.012859346345067024,0.01149227177648507,0.010828924624865538,0.06677571380998139
133,0.9925188980996609,0.9828865770250559,0.9902455164119601,0.9944788971915841,0.907179677740239,0.8874759487989248,0.8281462113943384,0.8952476733357394,0.9545450955629349,0.9369693883956044,0.9906402723863721,0.8952476733357394,0.9223057384527924,0.9301797113115239,0.9401491097779509
143,0.12065131217241287,0.012983402237296104,0.15052013099193573,0.26566699147224426,0.29585517326179145,0.21660906740581762,0.26742784824306187,0.22793844957607734,0.1382375955581665,0.1884322189909782,0.00935972761362791,0.07757414132356644,0.19136731399895365,0.1866481892798842,0.1909294994758766
153,0.31587502360343933,0.310769259929657,0.6889382600784302,0.12237810343503952,0.3381628916416029,0.5333129534913678,0.4495306802856484,0.34999088728226285,0.18610991537570953,0.366118663902573,0.00935972761362791,0.11373963207006454,0.17949458624460102,0.1695233780735943,0.24524010151773673
156,0.9230393171310425,0.5007347464561462,0.40932995080947876,0.41087770462036133,0.7484868889561109,0.6535001300997902,0.6935606167899734,0.619217385985381,0.8980074524879456,0.6507504659262477,0.00935972761362791,0.4656553566455841,0.5500448131009915,0.5942522859421324,0.5929591201098404
164,0.07102209329605103,0.09282904863357544,0.21958929300308228,0.0935857892036438,0.20742728344118377,0.24034061607503543,0.2235455130461752,0.30597839315506103,0.13362109661102295,0.17643768071831456,0.010516464710235596,0.30597839315506103,0.23860842873464905,0.1972516248327788,0.16521172950337315
167,0.011788547039031982,0.025684475898742676,0.007244765758514404,0.25180578231811523,0.07304428044804001,0.2776235752163194,0.15173184116122806,0.1738003337419991,0.05150645971298218,0.11380334014388589,0.010516464710235596,0.1738003337419991,0.2211820757994034,0.18634266085410423,0.158660690588311
169,0.715850830078125,0.7037065625190735,0.32720476388931274,0.48870882391929626,0.6951240482506316,0.735095848990873,0.6424540759804112,0.558500098166277,0.9388339519500732,0.6450532226382304,0.9894835352897644,0.7279542684555054,0.747916999078143,0.6916322555456643,0.6774569254013425
172,0.5535995960235596,0.8196133375167847,0.2921677231788635,0.37015146017074585,0.669741603415504,0.5763728809553617,0.7097440969890247,0.6183148307310949,0.35136255621910095,0.5512297872444489,0.00935972761362791,0.37015146017074585,0.4943295204556819,0.511502868439021,0.5545285143965224
174,0.01105189323425293,0.03298652172088623,0.17270582914352417,0.023537933826446533,0.12216109751470228,0.23299814102229854,0.22633919470953512,0.24406189022895897,0.07958751916885376,0.1272700022854954,0.010516464710235596,0.24406189022895897,0.1907294047429129,0.1685185429156021,0.14108696397412168
183,0.0045975446701049805,0.021061301231384277,0.009049713611602783,0.013130128383636475,0.08350085697565579,0.2599302044330988,0.17658460152520827,0.16111443235340528,0.1471439003944397,0.09734585373094848,0.010516464710235596,0.013130128383636475,0.009539567516452907,0.05954522007540408,0.09437483418125814
189,0.07695966958999634,0.06422489881515503,0.0631035566329956,0.033963143825531006,0.30417451064771295,0.15345922378275323,0.1738766623680904,0.3523851142297566,0.2667999267578125,0.1654385229610893,0.010516464710235596,0.023370027542114258,0.10122570585606538,0.07272798486100529,0.1716586709962481
195,0.510373055934906,0.46213454008102417,0.21235930919647217,0.28070056438446045,0.6676013483517982,0.6300371556301574,0.6628495767002816,0.679570943391856,0.6473134756088257,0.5281044410310869,0.010516464710235596,0.28070056438446045,0.6813396367010573,0.7256619296556328,0.7240872522690757
198,0.0071787238121032715,0.009446203708648682,0.005313873291015625,0.007640540599822998,0.09768933607998964,0.17189169966931894,0.06802762397372675,0.21480406439492372,0.002895534038543701,0.06498751106312148,0.010516464710235596,0.002895534038543701,0.060341450393603724,0.07905514044526252,0.058852766573366244
199,0.0005164146423339844,0.0010142922401428223,0.0017104744911193848,0.0005443692207336426,0.04497845533747791,0.03814403600020744,0.02377524465942793,0.12907476241795535,0.003986954689025879,0.027082778188713814,0.010516464710235596,0.0002943873405456543,0.024913530112595117,0.01612496873533087,0.036332338726099644
203,0.09003883600234985,0.12061542272567749,0.05850797891616821,0.05507516860961914,0.3439864578824475,0.25027223353927097,0.2106421020065803,0.28058974022879624,0.032267212867736816,0.16022168364207184,0.010516464710235596,0.032267212867736816,0.06955655225127177,0.10135433539287075,0.17759368818145638
216,0.0003324747085571289,0.002132415771484375,0.0018976330757141113,0.00039893388748168945,0.026535071865942728,0.12884560949210344,0.022598774071192596,0.07414808923249883,0.0023769736289978027,0.028807330637108077,0.010516464710235596,0.0023769736289978027,0.0012332721691670212,0.00113595867923999,0.028347932996752645
228,0.0021532773971557617,0.012855470180511475,0.009504556655883789,0.030663609504699707,0.07372382027484536,0.11275060441976337,0.1381814068321,0.23674674350862657,0.014054477214813232,0.0700704406653777,0.010516464710235596,0.005501449108123779,0.01388732179832941,0.012251675196362388,0.0851285546759789
230,0.004591882228851318,0.01050502061843872,0.13996493816375732,0.02855783700942993,0.0794791525149654,0.1233657030522427,0.07647743818615704,0.12104676908651624,0.0194585919380188,0.06704970364426416,0.010516464710235596,0.0509108304977417,0.026047149396497438,0.029782146351718275,0.06401071543731995
232,0.7736514806747437,0.6295292377471924,0.8020285367965698,0.1920703500509262,0.40735757138638995,0.3555021088298293,0.41295999079263007,0.30903299570981413,0.6164236664772034,0.49983954871836656,0.00935972761362791,0.1920703500509262,0.19207035005092618,0.270523705154541,0.2859213801827956
243,0.07563108205795288,0.02167356014251709,0.0077553391456604,0.00887155532836914,0.22073991161683526,0.08789885977973977,0.0850775220764155,0.2126938425048397,0.04510819911956787,0.08504998575243307,0.010516464710235596,0.00790625810623169,0.022910522804197697,0.016987266318434946,0.08555917530321933
250,0.04881793260574341,0.009536266326904297,0.00922846794128418,0.018320441246032715,0.28617192556436877,0.22901701188053636,0.16850242457528608,0.21905072069238363,0.009874105453491211,0.11094658847622563,0.010516464710235596,0.024957656860351562,0.07953572385942498,0.12773980271774021,0.10510956829989115
256,0.25134995579719543,0.48809587955474854,0.42280304431915283,0.08265437930822372,0.4288199568435318,0.3301137145780714,0.4475115421541769,0.2534642582669587,0.20416322350502014,0.32321955048078654,0.00935972761362791,0.3285704255104065,0.21398793513219866,0.19621125730150293,0.23263669542551235
259,0.9120139852166176,0.9856724338606,0.2338075041770935,0.5503022074699402,0.5928745794902388,0.6671468173734554,0.6358851741843743,0.7262843027335597,0.13927072286605835,0.6048064141524375,0.010516464710235596,0.43845224380493164,0.7966210129003213,0.6237044501865694,0.6633919661497647
267,0.239918053150177,0.6720516085624695,0.49334293603897095,0.7764253467321396,0.5481368435792295,0.5247975943256411,0.4165835346135157,0.527046294680587,0.48723936080932617,0.5206157302768951,0.9906402723863721,0.7764253467321396,0.7764253467321396,0.7092374617453219,0.6289035331185658
269,0.09032845497131348,0.20605522394180298,0.046668946743011475,0.11519050598144531,0.3026525204832281,0.40312019583452896,0.2780893899822293,0.4008182572618453,0.07461708784103394,0.213060064782271,0.010516464710235596,0.20471221208572388,0.25470717552895317,0.19374027000302374,0.25994649384568524
284,0.012867284007370472,0.00624120282009244,0.0027731352020055056,0.003071898128837347,0.10948621962261754,0.17342472358019612,0.07108751124496639,0.14480705226335497,0.0186152420938015,0.06026380766258247,0.00935972761362791,0.004106856416910887,0.0035919504596798836,0.0062925401232434165,0.04705887129208493
287,0.014814046211540699,0.00472903810441494,0.008046143688261509,0.0015013073571026325,0.38135563697828084,0.25663593870881063,0.28397597949665926,0.2885512779533211,0.1133500337600708,0.15032882247316248,0.00935972761362791,0.005848621018230915,0.00407382414787314,0.024114796438703415,0.1317578752448096
294,0.13289105892181396,0.014059662818908691,0.05722755193710327,0.05529886484146118,0.1898306092398201,0.19712688320340743,0.1379308819017041,0.2542014033513059,0.02086406946182251,0.11771455396414969,0.010516464710235596,0.056978702545166016,0.045677227117242536,0.06066652413512175,0.13532171305231266
4,0.8111982345581055,0.36705347895622253,0.6119517683982849,0.1021026074886322,0.47175580728663724,0.4028606660556406,0.4542346149658166,0.3686343297968315,0.08822202682495117,0.40866817048123577,0.009079364128410816,0.12016089260578156,0.13561907639636384,0.1655717151790963,0.22219508044270372
9,0.9611976146697998,0.9199296832084656,0.9579759240150452,0.835020124912262,0.6312308112012627,0.6248438142508334,0.6579340419306839,0.5752654036447746,0.9203161597251892,0.7870792863953685,0.9891259670257568,0.835020124912262,0.9106860088612576,0.9401393189219294,0.8210534002665503
12,0.9852852821350098,0.9702033791691065,0.9649965390563011,0.972940631210804,0.8684140301891472,0.8501844601184276,0.8498758943602842,0.7576834318376282,0.9016079306602478,0.9023546198596617,0.9909206358715892,0.972940631210804,0.9894534364662986,0.9755744889371172,0.9219052489025638
31,0.9925838699564338,0.9205372855067253,0.9383843876421452,0.9969049291685224,0.8155444091731063,0.7889382339681418,0.842120762178358,0.7581097373177278,0.995073449332267,0.8942441182492699,0.9909206358715892,0.9969049291685224,0.9968548206636711,0.9230230759997602,0.9034415942818708
32,0.9921893603168428,0.9600918367505074,0.9852706324309111,0.9648733958601952,0.883107263183398,0.8272747825740481,0.7993028091413397,0.8797922993767738,0.9940563985146582,0.9206620864609639,0.9909206358715892,0.9940563985146582,0.9220483493261316,0.9124438586523602,0.9078817227713714
35,0.9963941979222,0.9287107065320015,0.9859184632077813,0.9790924917906523,0.8538121945801873,0.8401229567338503,0.8752087311114938,0.8691482961899291,0.9933847486972809,0.9246436429739308,0.9909206358715892,0.9933847486972809,0.9757726600932428,0.9713489434549294,0.9331271406302986
41,0.10848552733659744,0.16541863977909088,0.2086544781923294,0.043995700776576996,0.16099517832302176,0.22418776469849497,0.20850861098731874,0.1938929564577917,0.6490783095359802,0.21813524067635578,0.009079364128410816,0.23563681048736007,0.12452283575699774,0.23620120406220563,0.19599657022692704
47,0.004809579346328974,0.0036570497322827578,0.007370600011199713,0.0022333920933306217,0.15092936293754738,0.10608399046633127,0.10545520750647153,0.1621917357134745,0.0619349405169487,0.06718509536932395,0.009079364128410816,0.004836416337639093,0.06221057707014194,0.06588898038894833,0.07148128090480635
51,0.00840880535542965,0.025526391342282295,0.0013750041835010052,0.004840840585529804,0.08286929928230338,0.11432839376121659,0.08247025820774768,0.11522587114206835,0.020612366497516632,0.050628581150843927,0.009079364128410816,0.0026225680485367775,0.00943263944232088,0.008007590709920232,0.05181941796718072
53,0.13143622875213623,0.033117860555648804,0.0172739140689373,0.0031702436972409487,0.16554935721425829,0.12114272094254913,0.09232869407375066,0.06649411064515993,0.01832883059978485,0.07209355117216291,0.009079364128410816,0.01832883059978485,0.05004840926231469,0.031874783591688285,0.032916885109531495
61,0.15798811614513397,0.028329625725746155,0.013983270153403282,0.0015062124002724886,0.13267656074541537,0.0796480659254604,0.07162375161030016,0.08950894089369386,0.0037154851015657187,0.06433111430011015,0.009079364128410816,0.017591429874300957,0.00957923680331084,0.007227313613337393,0.031907839563552705
76,0.3132250905036926,0.15807777643203735,0.1124197244644165,0.923589788377285,0.357976850677569,0.2872131675571452,0.23099027550856321,0.6223569470962329,0.5221665501594543,0.39200179675293295,0.9909206358715892,0.923589788377285,0.423788149376804,0.3446325757687754,0.37609854009114807
78,0.05181146785616875,0.008072160184383392,0.1065581738948822,0.6801689863204956,0.31383572870493975,0.11696387266852161,0.26681496615596356,0.6793018883063201,0.651512622833252,0.3194488741027697,0.9891259670257568,0.651512622833252,0.36504969054393227,0.3190838660519134,0.3401008415732312
82,0.014768857508897781,0.2633975148200989,0.03933291882276535,0.03889090195298195,0.15008408449482866,0.14638954085436168,0.17097157787160375,0.15959417647274438,0.061311110854148865,0.11608229818360348,0.009079364128410816,0.061311110854148865,0.12222691500752433,0.10644031079682069,0.12905678361886738
86,0.24240058660507202,0.9891235623508692,0.9798433259129524,0.9738655053079128,0.27124552381086464,0.790990439138966,0.6728317822516099,0.5324462438296013,0.3332490921020508,0.6428884512566554,0.9909206358715892,0.3332490921020508,0.6027793934227055,0.630501173263424,0.6804253203657684
91,0.0033196210861206055,0.022844314575195312,0.08878666162490845,0.11702108383178711,0.05748467982006389,0.1502259736396967,0.16956599825049012,0.26588667941042265,0.04932606220245361,0.1027178971601265,0.010874032974243164,0.02266770601272583,0.0369551504957254,0.054643426864616984,0.09431380025555203
99,0.04989950731396675,0.23910361528396606,0.03311167657375336,0.6985472440719604,0.390008438035505,0.5427847699666208,0.35219508959025225,0.6238450854304538,0.11238794028759003,0.3379870407282298,0.9891259670257568,0.11238794028759003,0.4076817325809703,0.31174356093231337,0.42486208759090416
103,0.3209701180458069,0.5028895139694214,0.6463399827480316,0.6339062452316284,0.5554849045113516,0.6333039165431538,0.6492775113301761,0.45961302805799464,0.7765359282493591,0.5753690165207692,0.9909206358715892,0.438556432723999,0.603554540124579,0.6399248537621893,0.6163565330472165
104,0.02045050822198391,0.4074888825416565,0.22122488915920258,0.2863136827945709,0.14376674881765042,0.4094624727142734,0.23433755143676815,0.29913228127460184,0.029912572354078293,0.2280099543683096,0.009079364128410816,0.19851751625537872,0.1331983094609681,0.15917478749378727,0.19762468398377764
111,0.95787113904953,0.6374801993370056,0.7800912261009216,0.9444476962089539,0.6797254214672814,0.4991440678998365,0.552142182435106,0.4775974336394673,0.9233760237693787,0.7168750433230535,0.9891259670257568,0.5153868424298147,0.8032515459959577,0.7624846935282846,0.7668948445158388
116,0.001553359441459179,0.0026993260253220797,0.002247322117909789,0.0017162812873721123,0.15109823778276998,0.10879586453659776,0.04692325861823352,0.04916509183241393,0.0013628120068460703,0.040617950405436046,0.009079364128410816,0.0013628120068460703,0.0015645978548098735,0.0016190320957736497,0.02033461888161619
118,0.5709972381591797,0.4058108329772949,0.2956259846687317,0.1198996752500534,0.36768205711718904,0.3061627054068733,0.45309329681633154,0.3859877766720175,0.16716688871383667,0.3413807173090564,0.009079364128410816,0.16716688871383667,0.11358794309278131,0.1158189273967593,0.2070017553485434
120,0.28514447808265686,0.11905241012573242,0.7253260612487793,0.27648913860321045,0.4472162959178209,0.30193191888273324,0.33824422639897295,0.35666976029563274,0.5053790211677551,0.37282814563592154,0.009079364128410816,0.5053790211677551,0.3290309156784309,0.29801895722380795,0.3260962062522407
124,0.001077501568943262,0.001505049061961472,0.003341782372444868,0.01691129058599472,0.03892208741897111,0.06967594988003048,0.05683977101144753,0.11216234119823028,0.0017291468102484941,0.03357387998980802,0.009079364128410816,0.0017291468102484941,0.040970262824450376,0.06802793558059567,0.056051275384486524
126,0.6919020414352417,0.5516874194145203,0.9365692436695099,0.38976621627807617,0.63480470498369,0.4903435785581409,0.6789139252079623,0.5425308619851495,0.6859374642372131,0.622495050641056,0.010874032974243164,0.6859374642372131,0.7344572290873342,0.6854167813546468,0.6536356893827555
131,0.0025034358259290457,0.013489744625985622,0.0066666919738054276,0.009950576350092888,0.1409817622559115,0.2048761739803055,0.1325050895595075,0.12566388779375884,0.006066661328077316,0.07141155818815262,0.009079364128410816,0.006066661328077316,0.004417873214327428,0.0052928057146757156,0.03991562746247029
137,0.06589832156896591,0.005132818128913641,0.004335283767431974,0.003091314109042287,0.15309155324615695,0.11350463070148457,0.08466729523369089,0.15785818948317498,0.0016561317024752498,0.06547061532681515,0.009079364128410816,0.0015289541333913803,0.0025511574279932165,0.0024861922827593367,0.06526535131550214
138,0.06367885321378708,0.0015040969010442495,0.05217674374580383,0.08754157274961472,0.35081163531962917,0.09268193140970035,0.22074039467511983,0.298258939977388,0.03785412386059761,0.13391647687252053,0.009079364128410816,0.03785412386059761,0.03905435990405857,0.04308972472953772,0.10435556259992983
141,0.017477676272392273,0.01039883028715849,0.0022276605013757944,0.0037344140000641346,0.11877476609362074,0.06862581332426046,0.06407542530064171,0.07104524803665986,0.31116756796836853,0.07416971130939357,0.009079364128410816,0.005939813330769539,0.005226075203516904,0.020325113396962927,0.060702171745697725
142,0.002111871261149645,0.002437528921291232,0.002823375165462494,0.003472826909273863,0.05568853629227975,0.0411886956316515,0.032864389598636336,0.05752844004786794,0.0010792433749884367,0.022132767466955687,0.009079364128410816,0.0010792433749884367,0.00421216022515393,0.004193373526699134,0.021907106781828167
144,0.19272537529468536,0.7462387681007385,0.07680922001600266,0.7267140746116638,0.39539200040967876,0.5037161710974474,0.3931419238123961,0.6260256234521705,0.7901007533073425,0.4945404344557917,0.9891259670257568,0.7901007533073425,0.3596635504359771,0.4990518659296973,0.48712232283314183
155,0.027348697185516357,0.269819438457489,0.28936541080474854,0.4352150559425354,0.14938441231035937,0.40580422790144155,0.3753388478429941,0.4047095400052705,0.049584150314331055,0.26739664230718735,0.010874032974243164,0.049584150314331055,0.2920445673387604,0.32371786223614607,0.34333583045142224
161,0.00468754768371582,0.0062288641929626465,0.0055890679359436035,0.025577306747436523,0.03801123140922902,0.03726603193809186,0.06579326434603483,0.04974814739372835,0.01327359676361084,0.0273527842678615,0.010874032974243164,0.01327359676361084,0.019617015504152402,0.030656592941424865,0.032672367065160746
163,0.013424038887023926,0.029383420944213867,0.03485375642776489,0.1236153244972229,0.16027086557387493,0.18213097553013935,0.2713084804969911,0.1706469793666291,0.08235740661621094,0.11866569426000788,0.010874032974243164,0.08235740661621094,0.19458048525136373,0.1875325969496202,0.19274850728863513
165,0.7198989391326904,0.6435862183570862,0.7619829177856445,0.7366294264793396,0.5415379839394531,0.575572152262814,0.5364534582538404,0.5191053080613977,0.7832415699958801,0.6464453304742385,0.9891259670257568,0.7832415699958801,0.7456360856803347,0.651338936500037,0.6453657077237036
176,0.9759495258331299,0.9664544463157654,0.9381263852119446,0.9191420674324036,0.7743374968192497,0.8103629736587922,0.7457382611876926,0.8326598555960822,0.8394920825958252,0.8669181216278763,0.9891259670257568,0.8394920825958252,0.9245385460406663,0.922889993883589,0.8982216416343889
179,0.10691094398498535,0.4727942943572998,0.2094566822052002,0.0382688045501709,0.32803789764949887,0.5773506362809027,0.43614639757970886,0.3181810132502325,0.02620375156402588,0.27926115793578055,0.010874032974243164,0.02620375156402588,0.2976037142916017,0.4270551372419834,0.36305329171790424
180,0.0063855648040771484,0.012169897556304932,0.016006112098693848,0.007167696952819824,0.2381749608211492,0.12232272378552567,0.2905321365875494,0.20882685981616522,0.03515070676803589,0.1040818510211468,0.010874032974243164,0.03515070676803589,0.1294016466719322,0.11665767038130359,0.09618604209605719
181,0.010587871074676514,0.005897700786590576,0.012705385684967041,0.11889183521270752,0.10345783662655816,0.1363120334588973,0.20380796227656317,0.32374652868958487,0.011307954788208008,0.10296834539986147,0.010874032974243164,0.25543856620788574,0.124852205608738,0.11295673381940619,0.1569465608874816
191,0.19892050325870514,0.07813804596662521,0.09125406295061111,0.11804843693971634,0.5244559160133777,0.3491259319668078,0.34898947983715467,0.46406028319261794,0.34774863719940186,0.28008236636944644,0.009079364128410816,0.34774863719940186,0.17814510834477384,0.15690296319583402,0.23506186952516595
192,0.002733945846557617,0.0008093714714050293,0.0027051568031311035,0.002104640007019043,0.028252610719573856,0.016727227299376368,0.048650407203177815,0.06740382504940601,0.002236604690551758,0.019069309898910956,0.010874032974243164,0.05713276277834378,0.020882079214048388,0.024900838257995828,0.02692142507132045
202,0.0649179220199585,0.2614665627479553,0.4441905617713928,0.6418399512767792,0.6132514286411344,0.4618040197845056,0.3946219317355377,0.507405737775809,0.4962390661239624,0.4317485757641149,0.9909206358715892,0.4962390661239624,0.4193268471329059,0.45280261935614974,0.5189126217417379
205,0.9918119357898831,0.8250696957111359,0.8123100996017456,0.6006287336349487,0.832066881991027,0.8416833279887018,0.8136594938190495,0.6436930698027208,0.7802447080612183,0.7934631051556034,0.9909206358715892,0.7802447080612183,0.8511701437818253,0.8263507551834582,0.7959596516658544
207,0.9396349787712097,0.954891562461853,0.757006049156189,0.9768646359443665,0.6174845934175193,0.7410786994195473,0.5878032227520058,0.5777481037756786,0.9473046064376831,0.7888684946817834,0.9891259670257568,0.9473046064376831,0.9652708693502855,0.9701492064401768,0.8222394446101702
213,0.0031423568725585938,0.02612847089767456,0.02277839183807373,0.0027450919151306152,0.1463610917543392,0.11298508823803122,0.18435638055553416,0.1684972292533441,0.02415221929550171,0.07679403562446532,0.010874032974243164,0.02415221929550171,0.06974484911222956,0.06389010726952749,0.05567790748054069
215,0.07177650928497314,0.07229429483413696,0.2477373331785202,0.06697601079940796,0.28214934150668,0.4139974987359828,0.3778492131827607,0.37570305215766375,0.12598952651023865,0.22605253113226265,0.009079364128410816,0.12598952651023865,0.17214397836744022,0.1832733320625313,0.19623900590103474
219,0.0025061368942260742,0.011150062084197998,0.0008482933044433594,0.004900634288787842,0.2084111045752095,0.09408952443787055,0.13908551606291686,0.14878921011295798,0.0019069314002990723,0.06796526812898991,0.010874032974243164,0.004900634288787842,0.002957419472082501,0.0029236185279373217,0.059537952925275084
223,0.3708450198173523,0.03282072767615318,0.2650303542613983,0.26784002780914307,0.5488665226747638,0.39202759772973095,0.38173159375244653,0.40453198453829164,0.17489634454250336,0.315398908089087,0.009079364128410816,0.17489634454250336,0.18221240326408236,0.19671254307022726,0.28705022348058906
225,0.007238328456878662,0.01164090633392334,0.006127476692199707,0.005232095718383789,0.20674282235341768,0.2030612318558498,0.11726392634457095,0.28403010528390416,0.01960974931716919,0.09566073803958858,0.010874032974243164,0.005232095718383789,0.003927068928674116,0.025845374176876268,0.07644669362315337
227,0.9842942953109741,0.9896897077560425,0.9874124526977539,0.9485596418380737,0.8260625923726387,0.9227934665350729,0.8564075680592027,0.7882251957698528,0.9519963264465332,0.917271249642905,0.9891259670257568,0.9519963264465332,0.9499156650579835,0.9494158679899076,0.8860290875002717
229,0.15132737159729004,0.10701256990432739,0.13218671083450317,0.0668189525604248,0.1659883500783037,0.13232717763474444,0.3292606688750265,0.251489004458456,0.09228354692459106,0.15874381698529635,0.010874032974243164,0.09228354692459106,0.12982554588328177,0.09621458656791693,0.1803149449754854
233,0.8565630316734314,0.9414620995521545,0.94983971118927,0.9633874893188477,0.70000020429469,0.7059703825169273,0.62956424930715,0.7609199932031507,0.9862250089645386,0.8326591300022401,0.9891259670257568,0.9862250089645386,0.9667306049415454,0.9644144652326254,0.8915674886308755
237,0.0029938817024230957,0.0008890032768249512,0.0022687315940856934,0.0006517767906188965,0.058103781607509286,0.034906281669168315,0.060972314424812546,0.04718508623352269,0.0031625032424926758,0.02345926228238424,0.010874032974243164,0.0004616975784301758,0.008324323386435961,0.011772599258012884,0.01431879596501795
240,0.011997222900390625,0.12679260969161987,0.004608035087585449,0.2647852897644043,0.18032893880796008,0.15180900016707666,0.05700856879895,0.38801953464277883,0.08312195539474487,0.14094123947283452,0.010874032974243164,0.08312195539474487,0.07978400246732187,0.09189031036598905,0.1615663104381455
245,0.006252765655517578,0.005759239196777344,0.009792625904083252,0.020465850830078125,0.0707759054606677,0.059668049687690794,0.03062351215397041,0.131511478289412,0.018350422382354736,0.03924442772895022,0.010874032974243164,0.018350422382354736,0.01878417214117889,0.01913736140570632,0.053419458957098764
247,0.38723939657211304,0.2725793123245239,0.8472494035959244,0.5802837312221527,0.24050699218474303,0.2960628813002104,0.384998691966981,0.5136885210436735,0.3345745801925659,0.42857594560032086,0.9909206358715892,0.5802837312221527,0.48521858489416503,0.48984243081241474,0.4562969535892477
253,0.023791998624801636,0.010219095274806023,0.010083582252264023,0.005243413615971804,0.20812279768187517,0.1987587882310105,0.20890090045460674,0.1367048795119794,0.04252626746892929,0.09381685812402717,0.009079364128410816,0.005645652301609516,0.00681195474088768,0.024683158696475783,0.05976340800216108
261,0.00367197347804904,0.012347602285444736,0.009075559675693512,0.009504346176981926,0.11359398043461018,0.19665313877331292,0.1945217541012916,0.1140973335706145,0.009119663387537003,0.07362059465372615,0.009079364128410816,0.004614504054188728,0.004190280670203997,0.025692778850352628,0.051220380751619825
288,0.015134692192077637,0.008814394474029541,0.012105882167816162,0.04504495859146118,0.1886481078070601,0.08709408583266898,0.1860431132417507,0.16634777329398875,0.028297126293182373,0.08194779265489283,0.010874032974243164,0.04504495859146118,0.03822448454356764,0.033616084186704365,0.08437622006669199
291,0.026667475700378418,0.01410740613937378,0.012815535068511963,0.012133121490478516,0.19125529073959768,0.23245158215570783,0.18177039734948353,0.20937338452113619,0.03690838813781738,0.10194250903360948,0.010874032974243164,0.005479991436004639,0.012005131051374907,0.016778661453548338,0.08721399308636135
5,0.19931279122829437,0.29941099882125854,0.06303143501281738,0.1427416205406189,0.35076928215514236,0.4296058107986743,0.4421181636673112,0.46927935898865686,0.4197520613670349,0.3128912802866455,0.009196487255394459,0.1364387422800064,0.23216256221156953,0.19454791735576202,0.3079818577083991
16,0.925224781036377,0.13848616182804108,0.6300166249275208,0.5883281230926514,0.3923515211002456,0.3172037858628521,0.4816781390254053,0.4247921861310354,0.709126889705658,0.5119120236344208,0.9893404841423035,0.709126889705658,0.5165875595207479,0.5810578043823201,0.5110563454094377
19,0.02025766670703888,0.06285180896520615,0.20548821985721588,0.1808924525976181,0.2071376235877585,0.23256156889725432,0.21123983883259187,0.2614654416890447,0.160466730594635,0.1713734835253737,0.009196487255394459,0.160466730594635,0.13635615473172166,0.11608168229606668,0.15902867331620155
26,0.4405139088630676,0.6538607180118561,0.6724010407924652,0.4054175615310669,0.30612438977144873,0.39497181474300913,0.34349717179839134,0.3578001011011933,0.33695846796035767,0.43461613050809506,0.010659515857696533,0.13791877031326294,0.25896466272864516,0.2711029144309134,0.310684193404966
29,0.14928284287452698,0.30158326029777527,0.08869252353906631,0.21652138233184814,0.3963842087768887,0.4264548117520108,0.37677848725074936,0.4886164894357394,0.23833975195884705,0.2980726398019391,0.009196487255394459,0.23833975195884705,0.23483640674563516,0.2349272517976233,0.267619115157425
34,0.9983814950101078,0.9953318983316422,0.9949662466533482,0.9857050776481628,0.7612503858604273,0.7890680561030498,0.9014440524499031,0.8270420779576665,0.9975331155583262,0.9167469339525149,0.9908035127446055,0.9975331155583262,0.9935123181703657,0.9901686756635479,0.9218817585076986
46,0.0007480517961084843,0.004970386158674955,0.006219352595508099,0.0018275516340509057,0.059178953633093556,0.07694618683884231,0.06939090457572163,0.06249101924224334,0.0005569070344790816,0.03136992372319137,0.009196487255394459,0.0005569070344790816,0.001536665858570646,0.0017689496840376374,0.03032254863089272
54,0.620536744594574,0.24083930253982544,0.10418003052473068,0.28631868958473206,0.31769294567738426,0.29424067183032127,0.38197675162574213,0.40640436574902017,0.28395581245422363,0.32623836828672814,0.009196487255394459,0.28395581245422363,0.27217134453600295,0.273760146879252,0.3151385583980229
55,0.09520579129457474,0.06694504618644714,0.4120628833770752,0.01989472098648548,0.20408897641798682,0.13219368600824796,0.13708598076513584,0.15844913813245134,0.01246595662087202,0.1375991310876974,0.009196487255394459,0.01989472098648548,0.01638426590843446,0.015772548006609398,0.06500144892384996
58,0.008036201819777489,0.02961665391921997,0.006651497911661863,0.00556515995413065,0.1242654680257637,0.08815294575514239,0.10008369901431811,0.13429327790134338,0.001437015482224524,0.05534465775373135,0.009196487255394459,0.007172401994466782,0.046379335125909145,0.05474753167168171,0.06286446139377208
62,0.3953242301940918,0.0727950781583786,0.00869259424507618,0.017149457708001137,0.227169402347033,0.11143319979224107,0.14909837510900964,0.12911088839890483,0.015823477879166603,0.12517741153687809,0.009196487255394459,0.017149457708001137,0.014605756218322542,0.03617777726917019,0.06297222979660921
65,0.13746295869350433,0.09775212407112122,0.09419991821050644,0.04613848775625229,0.20931312820531928,0.2774359224766392,0.2716867111424161,0.25290785851294745,0.14497514069080353,0.17020802775105665,0.009196487255394459,0.04613848775625229,0.04613848775625229,0.06493482891795431,0.13335274024765476
68,0.029102638363838196,0.02137274295091629,0.12141253799200058,0.014307533390820026,0.08049516343321558,0.0762585190278175,0.14118927939317774,0.1076193131294115,0.010601033456623554,0.06692875123753567,0.009196487255394459,0.010601033456623554,0.013052156470402664,0.020700256532759136,0.05112031163660402
69,0.015323210507631302,0.11852294206619263,0.006583562586456537,0.010445519350469112,0.16187350316324692,0.12433995915248537,0.16107970503496452,0.1246724374411125,0.024152357131242752,0.0829992440482002,0.009196487255394459,0.024152357131242752,0.029670790422441543,0.02451551335578276,0.07348743422805454
72,0.06675663590431213,0.3007931709289551,0.0034223475959151983,0.38450321555137634,0.36576079627637736,0.5348835170964249,0.2590677748926867,0.3223565447261296,0.024589866399765015,0.25134820770799354,0.009196487255394459,0.38450321555137634,0.3872178965286599,0.3747594191079059,0.2765721863564064
75,0.8411528319120407,0.9105882421135902,0.5616602301597595,0.6947623491287231,0.4536513331441553,0.5033247908012719,0.3415396761026548,0.5368220228885573,0.8554443418979645,0.6332162020165242,0.9908035127446055,0.7351885437965393,0.6014564495497133,0.6951142432226483,0.6717732301091819
85,0.013794521801173687,0.02861843816936016,0.015285232104361057,0.0677446648478508,0.2634370002577892,0.21675807095529412,0.2853217237966003,0.34837862473760756,0.028699586167931557,0.1408930958708854,0.009196487255394459,0.028699586167931557,0.14903664956047247,0.1587160011196078,0.14702353651040523
87,0.9649196527898312,0.9920102739706635,0.9984115676488727,0.9891322543844581,0.7427801884328902,0.7225457401754711,0.786323823613643,0.7981088842994818,0.9956560363061726,0.8877653801801649,0.9908035127446055,0.9833889324218035,0.9890019916441387,0.9501397369100785,0.8983457298144217
89,0.0013827215880155563,0.0015666538383811712,0.0032549439929425716,0.005189136601984501,0.10068458187889379,0.07027855631187208,0.07778077388628518,0.08357056565082713,0.009366507641971111,0.039230493487908115,0.009196487255394459,0.08357056565082713,0.08856580404127268,0.07617367991816038,0.05443462115154278
93,0.3993319272994995,0.8002261966466904,0.9715377856045961,0.7012000977993011,0.4119622245950836,0.6922008600976299,0.5639070321260187,0.5001529288114168,0.1219756007194519,0.5736105170777432,0.9908035127446055,0.9052216112613678,0.7323258103588297,0.5793825284776704,0.59864637419896
97,0.17940513789653778,0.04315837100148201,0.02243034914135933,0.10013680905103683,0.20158850565575898,0.13946414966036566,0.18081545439734079,0.21754389358401358,0.06768567860126495,0.12802537210990664,0.009196487255394459,0.19019843903855901,0.19360948501257816,0.1729593569074901,0.14559053341186676
100,0.18618100881576538,0.013757109642028809,0.01636946201324463,0.09451723098754883,0.4309531637887709,0.628943063945149,0.47988912929073435,0.5246967542217857,0.05680662393569946,0.27023483851563634,0.010659515857696533,0.5080300875551189,0.5526438759612788,0.46991869241596396,0.35423807284322595
101,0.0019226537551730871,0.005731726996600628,0.015334171243011951,0.03458356484770775,0.12861732833981696,0.08973566356899308,0.06955766883368,0.0908583426802358,0.010724690742790699,0.049673979000889996,0.009196487255394459,0.03458356484770775,0.062003124095668306,0.07758634718490436,0.04897064341053547
110,0.0157126747071743,0.0043112048879265785,0.027532082051038742,0.002427104627713561,0.07893524641903278,0.21880854128203386,0.06392194561369874,0.13179390871163327,0.0009947617072612047,0.060493052223056995,0.009196487255394459,0.010344615206122398,0.059423410140246935,0.0620564321572049,0.06771756466955554
112,0.0022686675656586885,0.004749962594360113,0.07580459117889404,0.018575455993413925,0.11960710617952854,0.18847372923654937,0.08072184088747748,0.28816937589003233,0.009158914908766747,0.08750329382607569,0.009196487255394459,0.005166422110050917,0.008051677957683474,0.010451186047892875,0.08126423582099637
119,0.010745427571237087,0.06366501748561859,0.007796562276780605,0.07263725250959396,0.20600397256253097,0.16704789530279351,0.24549198009565815,0.30862555751222953,0.04691193997859955,0.12543617836611576,0.009196487255394459,0.04691193997859955,0.05484058148850314,0.04680765526597601,0.15174144574146306
139,0.00993049144744873,0.0117435771971941,0.0059898304753005505,0.01553345751017332,0.07346222535679925,0.0762585190278175,0.05579972058994218,0.09546346801197654,0.0021679962519556284,0.03848325398540087,0.009196487255394459,0.0021679962519556284,0.009145569488673552,0.011168350419369226,0.042797724085673346
140,0.011243712157011032,0.008299525827169418,0.0038718932773917913,0.01026972196996212,0.09582474037106546,0.07281448017852375,0.1002836444703274,0.14650709417648647,0.002078460995107889,0.05013258593589393,0.009196487255394459,0.012761715799570084,0.013013329998882488,0.013402675922374046,0.057875460970818374
145,0.013112092390656471,0.009403706528246403,0.014110182411968708,0.0037460396997630596,0.06298830451309712,0.18087237831190486,0.1251811169182275,0.07090021840479871,0.046196065843105316,0.058501122780196466,0.009196487255394459,0.0034217035863548517,0.004572419166644423,0.012285571871281906,0.03870660901844165
148,0.008130194619297981,0.0323210209608078,0.014011213555932045,0.43043962121009827,0.10067214283752418,0.16947829935776493,0.21474692584047353,0.18413728221752412,0.19367016851902008,0.14973409656871586,0.9893404841423035,0.3376292586326599,0.165856931323213,0.219270820034966,0.1992691943318702
149,0.00368338986299932,0.007101624738425016,0.0165513064712286,0.011639217846095562,0.07595200917002211,0.07470208690890309,0.04987674615485229,0.09686201459100849,0.024042675271630287,0.040045674557240535,0.009196487255394459,0.011639217846095562,0.015275862367305786,0.029310894281475347,0.050970496786304435
152,0.005205102264881134,0.006446825806051493,0.052944544702768326,0.008344682864844799,0.0696281104880589,0.06228471996212439,0.05292462972232435,0.09575714087017834,0.0010160455713048577,0.03939464469472628,0.009196487255394459,0.0010160455713048577,0.004949338113951438,0.005609171179015283,0.03654224097111021
157,0.0022451281547546387,0.0027420520782470703,0.0029776692390441895,0.0070397257804870605,0.06313435531330269,0.05539487506985363,0.06387196037829146,0.18859823651787933,0.013202011585235596,0.04435622379078841,0.010659515857696533,0.006418347358703613,0.00850590390165118,0.0077170352261684005,0.05128062308021253
158,0.7846903949975967,0.2922206521034241,0.2699032425880432,0.4820854067802429,0.41138756013068767,0.41054277722767896,0.48079929037779034,0.37220285977664713,0.12789881229400635,0.403525666252902,0.010659515857696533,0.4820854067802429,0.38855245764616686,0.3580585972565413,0.3190469279954101
159,0.9500643871724606,0.8643740862607956,0.7743100076913834,0.912941686809063,0.5038494616327741,0.5891207093394014,0.33439978598717146,0.534840613547547,0.5829287171363831,0.6718699395085533,0.9908035127446055,0.912941686809063,0.6368095762784476,0.5862249171088377,0.6529837407412484
170,0.15973055362701416,0.16914397478103638,0.22219502925872803,0.03957086801528931,0.32076906306254127,0.27744626900444447,0.27753311606199116,0.21434756413675193,0.12198442220687866,0.20030231779496394,0.010659515857696533,0.07879102230072021,0.10703618575683238,0.1144896443556801,0.1263267295108259
177,0.9814181923866272,0.9405129551887512,0.9515933990478516,0.840302586555481,0.8454463965299065,0.8531786735686561,0.8299592604925237,0.7029924340276104,0.9811711311340332,0.88073055877016,0.9893404841423035,0.840302586555481,0.7983291615784589,0.7776883804111194,0.8093488625671926
185,0.3773210048675537,0.04555308818817139,0.7450280487537384,0.020869672298431396,0.502078814333391,0.38348952028174077,0.5898372385709896,0.26573996968174907,0.587622731924057,0.3908377876555358,0.010659515857696533,0.05703139305114746,0.18317292830314003,0.23115699208182372,0.1911825185460907
186,0.1470293402671814,0.0992588996887207,0.16783267259597778,0.3050953149795532,0.25278746133093966,0.3699273570576509,0.4017433196873941,0.38879492827700646,0.3768860697746277,0.2788172626287835,0.010659515857696533,0.1876508593559265,0.22383546268854504,0.2656871390578197,0.2539374278725375
187,0.0015925765037536621,0.01601386070251465,0.0023543238639831543,0.011997103691101074,0.07338892588892587,0.04333037825230823,0.06939003958291645,0.145465494811577,0.0020824074745178223,0.04062390119684421,0.010659515857696533,0.011997103691101074,0.07824002522931917,0.09529594264339569,0.05953654284811083
190,0.40711140632629395,0.24060553312301636,0.16907453536987305,0.28963154554367065,0.5881622017275003,0.5187895969350338,0.44807730989755856,0.49544971190671094,0.9563837498426437,0.4570317322969224,0.010659515857696533,0.28963154554367065,0.5121371205468659,0.45883895883130543,0.4833023861365122
193,0.0380440354347229,0.06124645471572876,0.06057089567184448,0.09593600034713745,0.3336109708288626,0.24842465649685874,0.20231134964562625,0.5142728381292943,0.07031750679016113,0.18052607867335962,0.010659515857696533,0.07031750679016113,0.15658888114513725,0.13279946533139575,0.23074396493134774
194,0.0017350316047668457,0.037140607833862305,0.010733962059020996,0.0019679665565490723,0.13896940783948464,0.25065633284209143,0.25091113475324045,0.18654283016250806,0.01627117395401001,0.09943649417839265,0.010659515857696533,0.01627117395401001,0.0076587036987115775,0.0073642340426665065,0.08144705475613423
200,0.009274542331695557,0.0005981922149658203,0.0019518136978149414,0.0007998347282409668,0.06224973485808549,0.03684998993529842,0.03639098167780053,0.08395622057333052,0.004682183265686035,0.026305943698102033,0.010659515857696533,0.0009101629257202148,0.000682614540465809,0.01660057025747208,0.03664955548282611
206,0.12153595685958862,0.04910343885421753,0.03583121299743652,0.08221501111984253,0.2702017519517519,0.24705589551927432,0.24165948047015906,0.25117584880834143,0.03265345096588135,0.1479368941718326,0.010659515857696533,0.03265345096588135,0.214405086610436,0.20295510915918935,0.16818878165062778
224,0.0029723048210144043,0.0047588348388671875,0.005502045154571533,0.004157841205596924,0.06983769933769945,0.10570485762882886,0.062129660661816466,0.14562137674768882,0.0018755793571472168,0.04472891108369232,0.010659515857696533,0.007181406021118164,0.0057733851202232955,0.030487390549742477,0.06109935070617434
231,0.06639989465475082,0.004913272336125374,0.6572858691215515,0.1516445130109787,0.41860084077770876,0.3072068780653251,0.5369466405336584,0.32426646052179575,0.05429119989275932,0.28017284099051715,0.009196487255394459,0.05429119989275932,0.12708213785988076,0.23944833393674803,0.3004412186214547
235,0.11406689882278442,0.07285547256469727,0.10393774509429932,0.29664337635040283,0.2823653710491669,0.10414883957281096,0.16292841056238727,0.2900993359609916,0.21201366186141968,0.18211767909321783,0.010659515857696533,0.21201366186141968,0.2901317241002118,0.30297831166605227,0.29726762057541145
241,0.0018862485885620117,0.0005423426628112793,0.001338362693786621,0.0006586909294128418,0.20711777406934506,0.07528779593719992,0.09729546484298579,0.09445919379113743,0.0015003681182861328,0.053342915737058565,0.010659515857696533,0.0015003681182861328,0.0011075718419727432,0.0010219505809156981,0.03627690679731321
242,0.3047918677330017,0.04963064193725586,0.17163240909576416,0.2664003372192383,0.35305262914473434,0.22418007852581023,0.38334270818786953,0.38067311861580155,0.27592360973358154,0.2677363777992286,0.010659515857696533,0.27592360973358154,0.24469510575363929,0.30481309890011454,0.31825928897364053
255,0.058737337589263916,0.7720765918493271,0.12237429618835449,0.12294191122055054,0.34671483250201773,0.20747062016252926,0.2882846446077397,0.3561775271415891,0.09145468473434448,0.2629147162217463,0.010659515857696533,0.09145468473434448,0.2776253063675884,0.32611972134164535,0.3204833168265889
257,0.09571939706802368,0.6733943819999695,0.07519930601119995,0.09159970283508301,0.46528554808735745,0.4362478939392903,0.462663370309057,0.36698697967912564,0.04339545965194702,0.30116578217567264,0.010659515857696533,0.09159970283508301,0.12466564281826165,0.17853961713093347,0.23224852758368453
262,0.2431279420852661,0.11744290590286255,0.14061230421066284,0.1273268461227417,0.5682031430111367,0.3255180228496235,0.3652614140408791,0.566684281816779,0.08736783266067505,0.28239385474451406,0.010659515857696533,0.313263475894928,0.2257871859783499,0.17889749416876377,0.30630474666635576
272,0.06857585906982422,0.2806328237056732,0.17019085586071014,0.031385812908411026,0.3294365047202772,0.31548702704203596,0.2462553642081186,0.26817110558169005,0.031803689897060394,0.19354878255486677,0.009196487255394459,0.26214343309402466,0.3148120097200812,0.21696228766526135,0.19494924674571235
273,0.011682331562042236,0.0019218921661376953,0.001979231834411621,0.016790807247161865,0.18143926001414057,0.04054781034778909,0.08858843690805562,0.2778758228351499,0.001195669174194336,0.06911347356545366,0.010659515857696533,0.016790807247161865,0.09201793844646922,0.13508052652591362,0.0807093133568777
275,0.5891611576080322,0.18564878404140472,0.07825129479169846,0.5569427609443665,0.5840643631222578,0.35174786497754207,0.4025952476048408,0.41664825566846575,0.23544412851333618,0.37783376191910495,0.9893404841423035,0.23544412851333618,0.35023932613435305,0.34296580673687266,0.3789464645823449
283,0.0642622709274292,0.006458401679992676,0.005894303321838379,0.04270738363265991,0.21790072109534153,0.10644837451499256,0.1272976936645943,0.2646181678967483,0.018532097339630127,0.09490215711924745,0.010659515857696533,0.018532097339630127,0.04473907304701963,0.03901722889511072,0.10351978545242146
285,0.10424739122390747,0.18596810102462769,0.13939514756202698,0.059564657509326935,0.2665137710235981,0.3048811874388236,0.2171641594005641,0.26278615307269504,0.024343101307749748,0.1738737410625911,0.009196487255394459,0.024343101307749748,0.047781260308629864,0.11533496216288767,0.17754472905990681
289,0.014260100200772285,0.0171604473143816,0.12141253799200058,0.015053583309054375,0.07243455737260954,0.07919969549840573,0.06729952882136138,0.10476000480851333,0.005861771758645773,0.05527135856397162,0.009196487255394459,0.005861771758645773,0.010691062618444505,0.011403318865973558,0.04728133136856943
0,0.17628054320812225,0.36314886808395386,0.41291630268096924,0.28773680329322815,0.6383735070086778,0.6166339204967356,0.6333755500202153,0.5395058435898806,0.7786619663238525,0.494070367189515,0.009196487255394459,0.5395058435898806,0.46033530556206426,0.529868670851946,0.5197350195082122
1,0.25829240679740906,0.5445955395698547,0.2418183833360672,0.7152480483055115,0.40667429241275443,0.40574311646549405,0.6115562947222213,0.472814303206629,0.6145694851875305,0.4745902077781635,0.9893404841423035,0.8033800721168518,0.6782655234394153,0.6474578668911253,0.6129266184111287
8,0.10406256467103958,0.36761778593063354,0.06319713592529297,0.07005792111158371,0.23534843218042834,0.22344633505909647,0.19738491594402544,0.17597635219073152,0.00881254579871893,0.16065599875683895,0.009196487255394459,0.050772495567798615,0.1014677801242189,0.1087433576231472,0.12216886595303585
13,0.03024715930223465,0.25028902292251587,0.015653830021619797,0.04380345717072487,0.25410052343199363,0.26239119369765385,0.15340237946337643,0.30001850713782124,0.014856166206300259,0.14719580437269342,0.009196487255394459,0.025952599942684174,0.03903971378865742,0.037067174818308526,0.12015195163060849
21,0.023931026458740234,0.39633357524871826,0.30967795848846436,0.43841737508773804,0.37539738511583676,0.4306542923213109,0.4414641250562302,0.6139655620429058,0.8151945173740387,0.4272262019104426,0.010659515857696533,0.0947619080543518,0.3053024303175993,0.41579516915364134,0.46932955832854806
25,0.38739728927612305,0.14210666716098785,0.11436188220977783,0.8331208229064941,0.363268985564125,0.31258765690036777,0.45621018316601786,0.5189400005186133,0.05864518880844116,0.354070964056772,0.9893404841423035,0.46704936027526855,0.35781124113208984,0.39492547439978537,0.3963782766469136
40,0.001662996830418706,0.040803078562021255,0.039118025451898575,0.015908250585198402,0.13734722584372341,0.1516147614118612,0.14631643865523036,0.1607971261978802,0.05181368812918663,0.08282017685193542,0.009196487255394459,0.003468298353254795,0.00934727848936327,0.018815057567355346,0.06156112850717135
43,0.02081025019288063,0.023489423096179962,0.005987619049847126,0.01310037449002266,0.24524304038673606,0.26990244749183767,0.26771651055080825,0.26762755553162676,0.014641541056334972,0.12539097353847492,0.009196487255394459,0.01310037449002266,0.013100374490022656,0.01339913063898978,0.10617015488336415
48,0.001567925326526165,0.0021080670412629843,0.0013422780903056264,0.0007598432712256908,0.07728374314108369,0.04808042874752247,0.05083306561519822,0.053395526372569856,0.0009244727552868426,0.026255038928997953,0.009196487255394459,0.053395526372569856,0.053395526372569856,0.04625368159405387,0.03090650446874474
50,0.03571527823805809,0.049163077026605606,0.3026169240474701,0.20521877706050873,0.3453218347272739,0.09950300471389768,0.1078417885397134,0.2711308691676818,0.5501453280448914,0.21851743128512227,0.009196487255394459,0.0030175535939633846,0.016726570751195834,0.15670092956492174,0.15518021229716822
59,0.16470664739608765,0.06998990476131439,0.021720372140407562,0.024258365854620934,0.4072643412581396,0.3664600128976329,0.27466068043801717,0.2294345929448363,0.021884292364120483,0.1755976900061308,0.009196487255394459,0.11336719244718552,0.0822203012239398,0.05911664042270523,0.16643057826340266
66,0.008168350905179977,0.0009279546211473644,0.000979569973424077,0.0030315425246953964,0.11442696451619622,0.059871115527959706,0.060205391480498395,0.10169615297621191,0.0027822847478091717,0.039121036363680244,0.009196487255394459,0.0027822847478091717,0.0026969800936169144,0.002319236796939667,0.030738632814430417
77,0.05866057798266411,0.002910556038841605,0.02262452431023121,0.02027464285492897,0.3072584629567993,0.19207533845347535,0.22972502962218475,0.4133303149125744,0.00834666844457388,0.1394673461751415,0.009196487255394459,0.1999866859971274,0.15918792889462696,0.2436279131771776,0.16518750688190173
83,0.03988705575466156,0.0938505083322525,0.03640126809477806,0.19867892563343048,0.39138171831385776,0.5348813586610842,0.46106467712132165,0.46878906810690835,0.030222544446587563,0.2505730138294313,0.009196487255394459,0.2777361273765564,0.2900756179731583,0.35325370937612166,0.2848750085618412
90,0.9845022559165955,0.9816966652870178,0.980289876461029,0.9771155118942261,0.856877624638372,0.7805355387698034,0.7250358471728572,0.7395327901937782,0.8135983347892761,0.8710204939025507,0.9893404841423035,0.864380232387436,0.8964155416951787,0.8578924844542349,0.8902912957533116
94,0.29948854446411133,0.40044766664505005,0.08064484596252441,0.8445404767990112,0.3200268787627102,0.3601060837777251,0.3266357570260892,0.383308016174332,0.1547478884458542,0.35221623978415645,0.9893404841423035,0.7718529105186462,0.5646078826056461,0.5402008124692116,0.46894571926509554
95,0.05287528783082962,0.01419863197952509,0.03548246994614601,0.04819108173251152,0.21802295242513597,0.21876765173079804,0.1602980041181785,0.12447041324660318,0.01904199831187725,0.09903872125795614,0.009196487255394459,0.12447041324660318,0.09905915537975704,0.10956920761653743,0.08521099037575944
98,0.2717313766479492,0.26796263456344604,0.21461248397827148,0.004018306732177734,0.43408406710082115,0.29284221888592366,0.5116612851128817,0.12866038592636597,0.034476280212402344,0.24000544879558217,0.010659515857696533,0.39460096473633977,0.3114545496644441,0.2701393360672527,0.18965579703052815
105,0.5579546093940735,0.7146981954574585,0.7904714345932007,0.6713000535964966,0.48327657230472937,0.42464063453410367,0.48943440894354034,0.46394977739422133,0.8905811309814453,0.6095896463554743,0.9893404841423035,0.46394977739422133,0.4639497773942214,0.49217066655638586,0.5716850036278898
106,0.017121553421020508,0.005426228046417236,0.0037431716918945312,0.41173040866851807,0.2366776177249218,0.11173960543434414,0.18927192986984986,0.3040449693774053,0.18506813049316406,0.16275817941417062,0.010659515857696533,0.026603519916534424,0.03461452300358081,0.1383781321761839,0.17806079441705558
109,0.0013240150874480605,0.005328064318746328,0.0009841969003900886,0.005101962015032768,0.09145061046832885,0.08359210212434627,0.07750168432090888,0.15205872934516754,0.003033511573448777,0.046708319572646394,0.009196487255394459,0.003033511573448777,0.003980134764399882,0.003956540420198516,0.04828080853604956
121,0.017050806432962418,0.05876440927386284,0.1666206419467926,0.048285361379384995,0.1620701730418519,0.2218771424771556,0.2292733417483839,0.18074144111760987,0.20703880488872528,0.14352468025630327,0.009196487255394459,0.20002995652377226,0.18776616638432675,0.1716159549850506,0.14391020519036368
122,0.0011915942886844277,0.0016733658267185092,0.001020673313178122,0.0011654833797365427,0.09405699153257592,0.09260327973009055,0.06694159874302144,0.06652028883272677,0.0005375306936912239,0.03619008959338039,0.009196487255394459,0.0010587419383227825,0.026975872327880637,0.029154656009748824,0.03881396058824774
123,0.4257506728172302,0.45337626338005066,0.6343793869018555,0.409344881772995,0.4754589953059295,0.515661560142278,0.6070716044656463,0.4385729395126468,0.3834061622619629,0.4825580518400661,0.009196487255394459,0.28618374466896057,0.330982334828943,0.3343971916715036,0.3730544681429225
129,0.9656475931406021,0.9872554410248995,0.8893294483423233,0.9159826040267944,0.6486573264773434,0.7484905798962203,0.6462323462267545,0.7357572390512532,0.9052917435765266,0.8269604801958574,0.9908035127446055,0.9052917435765266,0.8655181143074592,0.8495030331239395,0.8448557369121038
135,0.009379378519952297,0.05665091797709465,0.011549985967576504,0.010094269178807735,0.08717129060024385,0.1390683004654003,0.12535222052927117,0.17478325254932764,0.0034484986681491137,0.06861090160620259,0.009196487255394459,0.07439124081709848,0.0743912408170985,0.08309249996303898,0.05721112342063175
136,0.936188206076622,0.8543333113193512,0.9092047587037086,0.9615497216582298,0.7190659144071796,0.805359249359104,0.8776818494417337,0.6662230464001843,0.9897302985191345,0.8577040395428054,0.9908035127446055,0.9615497216582298,0.9665283031154933,0.9235062927379384,0.8729158793062946
146,0.011362073011696339,0.0016816332936286926,0.002944290405139327,0.005392794497311115,0.12930202707949154,0.07990006507303829,0.05766692994203686,0.20481784874076478,0.00245085870847106,0.055057613416842,0.009196487255394459,0.00245085870847106,0.0034583693734057466,0.0025942859654856606,0.05306453572490271
147,0.004892376717180014,0.012697289697825909,0.08029015362262726,0.026798807084560394,0.13944996011625108,0.14845501972412872,0.08805650181274664,0.17968654199974934,0.016799408942461014,0.0774584510797256,0.009196487255394459,0.02278727851808071,0.06887805981650039,0.0807685359766025,0.08803222449772115
154,0.0007808543741703033,0.0016819966258481145,0.005880349315702915,0.0017284785863012075,0.03706393570530384,0.03881693459889423,0.021819266738019066,0.024178547071987886,0.0005876942304894328,0.014726450805190777,0.009196487255394459,0.0015271162847056985,0.00157997218939065,0.0014116240419096565,0.016191952374389296
173,0.4889522194862366,0.32322055101394653,0.12759965658187866,0.03853040933609009,0.35937477802070417,0.35805266650864676,0.3112971650251928,0.3129361093766385,0.12395000457763672,0.27154595110299673,0.010659515857696533,0.019629597663879395,0.028233677428578963,0.04868217267161612,0.15194417089173384
175,0.48355501890182495,0.19045007228851318,0.09428727626800537,0.04760950803756714,0.2597398238028348,0.16584122873267415,0.20737637133172282,0.17703217152765605,0.12614953517913818,0.19467122289665964,0.010659515857696533,0.17250175476324914,0.17155380132559228,0.15565774392102938,0.13172399951014047
182,0.7900944650173187,0.14510846138000488,0.3075838088989258,0.03739309310913086,0.28705424432443505,0.23260201924362722,0.24769523651195968,0.29098951236669024,0.13559579849243164,0.2749018488160582,0.010659515857696533,0.029070675373077393,0.07101131334906419,0.20612107126773083,0.24144693702361264
196,0.0027163028717041016,0.006365776062011719,0.007185995578765869,0.18955659866333008,0.1551550404904838,0.22134949828713568,0.1987091587206795,0.3613103277550176,0.02591383457183838,0.12980694811121854,0.010659515857696533,0.1412090731477741,0.10019118222321677,0.1608901631113383,0.1262966720997486
197,0.05282241106033325,0.06556332111358643,0.09722614288330078,0.034074366092681885,0.2769190090510747,0.38361608029705796,0.30898246304219557,0.2691570539181327,0.044857919216156006,0.17035764074161328,0.010659515857696533,0.05851626396179199,0.14416003611093575,0.15662002091456384,0.1588936006040581
201,0.013410687446594238,0.005660831928253174,0.004703342914581299,0.002001464366912842,0.2601309978052859,0.155886572947054,0.14318176736446064,0.10389426249651157,0.003526628017425537,0.07693295058745325,0.010659515857696533,0.001685023307800293,0.0372275237750197,0.04129530857552943,0.04444524636065195
204,0.005049347877502441,0.0028673410415649414,0.0037378668785095215,0.0024718642234802246,0.18119471762546913,0.06843109389757174,0.14475194556587967,0.13789593030361846,0.004228770732879639,0.06118098646071953,0.010659515857696533,0.0038135647773742676,0.042537075002246794,0.052347119894477934,0.061921341064794744
210,0.017422974109649658,0.014108717441558838,0.006119728088378906,0.004242122173309326,0.20087833727571336,0.1868168073175983,0.21036158719723175,0.17143520173994264,0.003232598304748535,0.09051311929423682,0.010659515857696533,0.17143520173994264,0.11891708848289795,0.10626773377445653,0.0873096093058594
212,0.12135902792215347,0.07056936621665955,0.04181237891316414,0.011312062852084637,0.338249679229743,0.33457178760918127,0.22789060337329306,0.2641184779042062,0.03259037807583809,0.16027486245514705,0.009196487255394459,0.011312062852084637,0.011312062852084638,0.015403663951566188,0.11197507969836215
214,0.0011889934539794922,0.004029989242553711,0.003426671028137207,0.0013578534126281738,0.06056617133515818,0.05746530797377314,0.058411140517993565,0.10589938854996972,0.0017559528350830078,0.03267794092769735,0.010659515857696533,0.0021047592163085938,0.001769597959915492,0.006210436165093314,0.04533422525435893
220,0.03886878490447998,0.085238516330719,0.0756533145904541,0.026447176933288574,0.432776897766901,0.16698908033224558,0.34735797517049205,0.2937106149246269,0.08395856618881226,0.17233343634911327,0.010659515857696533,0.28518344445473187,0.31127381453624703,0.2748061064212065,0.20806179412375503
222,0.5765567123889923,0.08772724866867065,0.5036596953868866,0.6083925366401672,0.49512406054193125,0.3767558900554697,0.30624275002167944,0.4812008041735344,0.3603031039237976,0.4217736446445699,0.9908035127446055,0.08084022998809814,0.43750109121653824,0.40375791786981874,0.3751262302457534
234,0.0021511316299438477,0.002298295497894287,0.003088653087615967,0.0027465224266052246,0.07668179753448112,0.07706626867145161,0.059066533785264386,0.07705600305248961,0.0029053688049316406,0.03367339716563086,0.010659515857696533,0.0027465224266052246,0.023553293892002114,0.030299748645373548,0.039182529204541794
236,0.07531541585922241,0.013664841651916504,0.005787551403045654,0.01964336633682251,0.363736940920105,0.19223127455251687,0.3769788812742725,0.2558809056572884,0.004358172416687012,0.14528859445243078,0.010659515857696533,0.03014427423477173,0.026578402697934322,0.13537733944829178,0.16213472142887175
238,0.03636801242828369,0.004300951957702637,0.0014162063598632812,0.003852248191833496,0.20031250885228036,0.16422319848980305,0.16428668569867444,0.1470591102587051,0.0021949410438537598,0.08044598480899998,0.010659515857696533,0.008768141269683838,0.007135512644521613,0.07166272867230894,0.07805132448001595
239,0.015835583209991455,0.0019064545631408691,0.0036470890045166016,0.0021322965621948242,0.16650251073118727,0.08487771932116894,0.053209283325007295,0.08660302965169309,0.00836479663848877,0.04700875144526546,0.010659515857696533,0.08660302965169309,0.07730835646289413,0.06654662397224576,0.05293370205389414
260,0.0014181137084960938,0.00813901424407959,0.0021778345108032227,0.002791106700897217,0.10570993226239722,0.29027554846701276,0.23966433399516107,0.22911961388767554,0.06786739826202393,0.10524032178206073,0.010659515857696533,0.20147107902157513,0.18482390733983456,0.15076513141605863,0.10442127228482145
266,0.030568169429898262,0.10439833998680115,0.007853725925087929,0.018461400642991066,0.20784699530800155,0.2977327551199213,0.1702913997070695,0.20935307694055463,0.020283667370676994,0.11853217004788916,0.009196487255394459,0.016234392300248146,0.020230852748376688,0.0188893105839877,0.09862857192816049
268,0.01274149864912033,0.012284587137401104,0.003824294777587056,0.0039450302720069885,0.1997104539781829,0.1772530495328202,0.0975421588844914,0.12389417972596282,0.013391034677624702,0.07162069862613306,0.009196487255394459,0.0113447904586792,0.009810194736779791,0.011389363989229427,0.07223172988925745
270,0.20936346054077148,0.04099088907241821,0.7547516524791718,0.8602164089679718,0.42970391896803006,0.32409494124235505,0.5124137192565438,0.5884845072992897,0.19723081588745117,0.4352500348571115,0.9908035127446055,0.8602164089679718,0.3839250342062125,0.4432464365283475,0.4605218203125022
271,0.029660338535904884,0.001979254186153412,0.004483908414840698,0.012809257954359055,0.15211843842463696,0.08326595803169512,0.12112105009089387,0.25877971228529256,0.005552525632083416,0.07441893817287333,0.009196487255394459,0.004908222705125809,0.006913033740270401,0.028972467774520783,0.07435773026734203
274,0.3323816657066345,0.9837720189243555,0.9721631519496441,0.7659871578216553,0.4707907174196665,0.614815706104928,0.638908106731514,0.5265325508624343,0.9910731138661504,0.6996026877096647,0.9908035127446055,0.9910731138661504,0.6411673541662775,0.7165767988954921,0.6376642755537663
276,0.07003743946552277,0.0844750851392746,0.10647893697023392,0.18960727751255035,0.3306724952708355,0.3878288732641228,0.21984566947470255,0.36734323678112246,0.03897011652588844,0.19947323671158373,0.009196487255394459,0.13841375708580017,0.22379825921294547,0.27941393574952045,0.26307807681257805
277,0.008894383907318115,0.0036750435829162598,0.0056092143058776855,0.0024958252906799316,0.2730625399721477,0.23584661386330608,0.2107103625462814,0.25703617357882524,0.008428454399108887,0.11175095682738458,0.010659515857696533,0.0010993480682373047,0.008136221023943735,0.005847662476118454,0.09365644063750689
279,0.01968538761138916,0.042510986328125,0.02840101718902588,0.01711052656173706,0.21316169770325355,0.2683819836413711,0.3645618596584308,0.23129862942586366,0.05154222249984741,0.13740603451322705,0.010659515857696533,0.01711052656173706,0.06274481933521514,0.05156581066452548,0.10720384326786792
286,0.7536182999610901,0.11162134259939194,0.11244833469390869,0.10041801631450653,0.48367503425375086,0.47671523257693155,0.3148316526557636,0.39178132317750275,0.008088001050055027,0.30591080414254457,0.009196487255394459,0.13140013813972473,0.27065994874855626,0.23994644783335806,0.31812601058911655
290,0.4470928907394409,0.942722599953413,0.9356723800301552,0.862747922539711,0.5523142240149193,0.5216378038603153,0.46602255581989926,0.5240200442141834,0.8715868443250656,0.6804241406107893,0.9908035127446055,0.8715868443250656,0.7562379180393748,0.732463851115426,0.7189850850506487
292,0.7055232524871826,0.983987607061863,0.9767727758735418,0.9766557216644287,0.629296935567843,0.7565465052029495,0.8008159574685019,0.8380376113214856,0.9953052429482341,0.8514379566217811,0.9908035127446055,0.9625639691948891,0.8329883889740101,0.8935985816111479,0.8518770864230851
295,0.009424632415175438,0.012275194749236107,0.07668467611074448,0.03384936973452568,0.18422610744865114,0.17294378812732428,0.09640446682744452,0.20204431138506088,0.3261147737503052,0.12377414672760752,0.009196487255394459,0.11674026399850845,0.06799338308520902,0.11408197924179683,0.15380542644487188
2,0.3159624934196472,0.852794885635376,0.5117583870887756,0.7824857234954834,0.39563468078231706,0.4470327802522062,0.4563033916008804,0.4665048849054934,0.8159618377685547,0.5604932294387482,0.9887201189994812,0.6122657656669617,0.6568123036784935,0.6003320727215311,0.6145957824872741
14,0.3481440246105194,0.4566756784915924,0.18532398343086243,0.2958254814147949,0.4687332113274363,0.41530254033713687,0.4188036996742314,0.38007018733723674,0.7016682624816895,0.40783856323394446,0.008749916218221188,0.7016682624816895,0.4052220771695054,0.4001242973010857,0.3728341728135192
23,0.2831510603427887,0.34052640199661255,0.39550212025642395,0.5664541125297546,0.31542222445563206,0.4075729154330026,0.3141583236217004,0.49149269043066773,0.21290571987628937,0.3696872854380969,0.9887201189994812,0.4788438081741333,0.4544872223142334,0.41147496205507655,0.4104747971990533
24,0.0697474405169487,0.06794951111078262,0.33612486720085144,0.34868139028549194,0.3633236824949811,0.47565434938435547,0.4420930403119991,0.3635148100698582,0.21123261749744415,0.29759130098585695,0.008749916218221188,0.532941460609436,0.4801495488611598,0.45690449737845973,0.4099846669314508
28,0.0791252851486206,0.11577111482620239,0.09391796588897705,0.15331244468688965,0.3460521390936756,0.37106287814620176,0.3382426427225549,0.4039521343181919,0.14968794584274292,0.22790272785267296,0.011279881000518799,0.2405748963356018,0.2690196638089817,0.28893227934036714,0.2813265423518434
33,0.970870565623045,0.9780876506119967,0.9043107256293297,0.9321679323911667,0.8177592248765039,0.8776966494374794,0.7750898135688506,0.7100792195633469,0.6026654243469238,0.8409696895609602,0.9912500837817788,0.9964104571845382,0.9949206618556317,0.9568982709981955,0.8882366472263994
39,0.005863409489393234,0.021084647625684738,0.18044070899486542,0.006265468429774046,0.12536803581993053,0.09510315850878849,0.16987760700811802,0.18513886964119666,0.07427331060171127,0.0959350240132736,0.008749916218221188,0.0026196849066764116,0.00494233170774359,0.018325065283287638,0.06858253485663095
42,0.10381508618593216,0.09125705063343048,0.1577526181936264,0.062860868871212,0.2345704867218259,0.33161726802748065,0.25579207291515516,0.329403471649224,0.09666121006011963,0.18485890369533403,0.008749916218221188,0.02275366336107254,0.10462155993035767,0.14545083170050882,0.15649723983235214
44,0.019744127988815308,0.010705932043492794,0.00817352905869484,0.03667283430695534,0.12380933547259736,0.14222631281351114,0.12992861361328623,0.2164383788096091,0.0017949166940525174,0.07661044231122384,0.008749916218221188,0.008092195726931095,0.10692942664157318,0.13691458002637907,0.10235751403544656
57,0.004993065260350704,0.002355952514335513,0.0038734825793653727,0.002113546011969447,0.09062344477094646,0.1266045637792848,0.04635112973971309,0.06593792423609261,0.04976995289325714,0.0436247846428128,0.008749916218221188,0.001056641573086381,0.004152711688615489,0.03206364593922236,0.0392951551691191
60,0.0344822071492672,0.18772676587104797,0.02041695825755596,0.8624999523162842,0.1045440808571343,0.2143847199131563,0.13617195489978087,0.4644955773460171,0.3512158989906311,0.2639931239556528,0.9887201189994812,0.06752797216176987,0.24356695648304777,0.18781721209222252,0.24303678940358298
64,0.0014674466801807284,0.004809935577213764,0.0013198571978136897,0.0018450332572683692,0.09025322163322146,0.03276911640129231,0.08996805391627223,0.030426598795705383,0.0017459032824262977,0.028289462971266024,0.008749916218221188,0.002010365016758442,0.00190066931982793,0.0018606412734887756,0.014503232768263633
73,0.05567561835050583,0.10893075168132782,0.028406787663698196,0.011573784053325653,0.241859810131298,0.3874736590901251,0.24068493050730272,0.35330513339421243,0.01378623303025961,0.16018852310022838,0.008749916218221188,0.02840062975883484,0.05291447774011487,0.12692644214390936,0.14392942888808044
81,0.043206144124269485,0.2910713255405426,0.0677521675825119,0.3232676386833191,0.2711173143545257,0.40041534676505885,0.31285756079428206,0.413023241610754,0.19863490760326385,0.25792729411761417,0.008749916218221188,0.3232676386833191,0.1902724840858414,0.2572255561409405,0.301011043915222
84,0.033246491104364395,0.2759723663330078,0.08938993513584137,0.49369972944259644,0.27682829759630373,0.3451064584419486,0.22322741679284772,0.36266587115815546,0.767961323261261,0.3186775432518141,0.9887201189994812,0.49369972944259644,0.45090767303309365,0.4415848527252356,0.4673271168101148
96,0.7466886639595032,0.6656444370746613,0.8608070611953735,0.9574691466987133,0.5550286087243232,0.5033505525043598,0.38718023433739834,0.49351099331782067,0.39782559871673584,0.618611699614321,0.9912500837817788,0.7141645550727844,0.8732549102903336,0.7586989766964027,0.6969886149786834
113,0.07673532515764236,0.08524785190820694,0.07494267076253891,0.0357174351811409,0.37494100328877455,0.33698313742906166,0.2755004351674449,0.16720716493626267,0.38409265875816345,0.20126307584324848,0.008749916218221188,0.47584354877471924,0.2640117286045268,0.2679513783754157,0.24787231102667967
114,0.013525543734431267,0.08542466163635254,0.0038748460356146097,0.04397723451256752,0.19578380319981534,0.2645735755731562,0.20678904986903227,0.2618539262601684,0.00580017501488328,0.12017809064844681,0.008749916218221188,0.09648442268371582,0.15216091334492013,0.19416138193051463,0.15262791044163126
115,0.009284481406211853,0.005125741939991713,0.01622781530022621,0.002606973983347416,0.18462887992627303,0.12452910151817495,0.13132155599317602,0.1551474550571417,0.010842913761734962,0.07107943543180865,0.008749916218221188,0.1551474550571417,0.1548559026008455,0.13468759699647032,0.09328023839410376
117,0.2785656452178955,0.03396047279238701,0.044386833906173706,0.4670267701148987,0.29724668866803716,0.30595062891044106,0.2794702536684214,0.2787593975455612,0.037726595997810364,0.22478814298018068,0.008749916218221188,0.02862657606601715,0.10627053743106485,0.17053321644316993,0.22047008732142728
125,0.08965031802654266,0.014399419538676739,0.06576674431562424,0.025325072929263115,0.21325528363050253,0.08667054602719165,0.14214748877706115,0.11985990590902981,0.1892838478088379,0.10515095855141442,0.008749916218221188,0.025325072929263115,0.0838671730902561,0.0916907869236204,0.08461512157551745
127,0.12255831807851791,0.1676081120967865,0.11213166266679764,0.022533122450113297,0.13687109633251227,0.09289250519758326,0.11332424627034475,0.09773249075476326,0.006519715767353773,0.09690791884608586,0.008749916218221188,0.022533122450113297,0.043475156461881354,0.05843588908778237,0.049022843531407866
128,0.05155426263809204,0.4027369022369385,0.5327423810958862,0.33005642890930176,0.4290058283529594,0.4461712731718743,0.4294720717577857,0.45205042280021024,0.37139421701431274,0.3827981986641512,0.011279881000518799,0.2642098665237427,0.32512549547156033,0.32881525012247415,0.34638728025694165
130,0.031841836869716644,0.023382315412163734,0.014275927096605301,0.0502675361931324,0.16225843763656045,0.20390788248886718,0.16588202503782346,0.1436073817346473,0.03418942540884018,0.0921791964309285,0.008749916218221188,0.0502675361931324,0.08760719594886791,0.09130220541426261,0.09194997429721535
134,0.022840237244963646,0.017397578805685043,0.013061665929853916,0.007307114079594612,0.09070167514292592,0.06551866994839763,0.06639791538801293,0.07762836337946882,0.008432021364569664,0.04103169347594135,0.008749916218221188,0.07762836337946882,0.07762836337946885,0.067908473443911,0.04887580906524282
150,0.017600225284695625,0.3625260591506958,0.017876971513032913,0.018133798614144325,0.06390570220979358,0.23790195968053868,0.10319292452150125,0.2421699267184155,0.13854293525218964,0.13353894477166747,0.008749916218221188,0.13854293525218964,0.1054625616487632,0.09227815774928469,0.09859466027862065
151,0.007181202061474323,0.004277337342500687,0.009475848637521267,0.004129914566874504,0.04330953820772722,0.0492186563791818,0.048222526912309396,0.10832574656183035,0.0021681932266801596,0.030700995988455524,0.008749916218221188,0.00536701874807477,0.02522449869655799,0.0419680861683572,0.03773178875652381
160,0.4796275496482849,0.11145120859146118,0.06052196025848389,0.0831717848777771,0.46452264858181935,0.3020757971197682,0.34642725662992147,0.26655772638605124,0.01873725652694702,0.23701035429116826,0.011279881000518799,0.05116850137710571,0.10348403834170661,0.11888904552010404,0.13531890958624548
162,0.061030685901641846,0.04579639434814453,0.047595322132110596,0.035615742206573486,0.33120970466793553,0.3310391723045025,0.3321207937787001,0.2823115996762021,0.09704834222793579,0.17375197302708292,0.011279881000518799,0.27779338105272045,0.2034281249701375,0.20132995749530747,0.16926264555245008
166,0.9436582922935486,0.9116842150688171,0.9711729288101196,0.9653773903846741,0.6288136858629385,0.6889372841865509,0.6700703072255588,0.7650601910508518,0.8583706021308899,0.8225716552237722,0.9887201189994812,0.9066055417060852,0.8615211808138079,0.8428772536364085,0.839065547350607
168,0.08957982063293457,0.47715437412261963,0.023234009742736816,0.6039904057979584,0.20986437071739472,0.33898253833349556,0.2992816885246796,0.3502462018210447,0.4598916172981262,0.31691389188788777,0.9912500837817788,0.44265812635421753,0.4689783367897532,0.4731289858838267,0.4423207265496214
171,0.02493840456008911,0.24257177114486694,0.01708906888961792,0.080954909324646,0.1653972504097757,0.23294032590493186,0.14100214322809923,0.19188251417433488,0.017421364784240723,0.12379975026895582,0.011279881000518799,0.047465741634368896,0.08539914550283179,0.0917540194862504,0.11695655076450417
178,0.2679373025894165,0.40405070781707764,0.5806502103805542,0.4342022240161896,0.5075490610331819,0.49614321043488957,0.3901444960471657,0.5798125369588883,0.6864922046661377,0.4829979948826113,0.008749916218221188,0.4153658449649811,0.548850747430635,0.5344548991337755,0.5437237837958329
184,0.004769504070281982,0.002403557300567627,0.0209161639213562,0.002496778964996338,0.07999687831225955,0.09151979598281146,0.0353593491935138,0.05087975855440019,0.004643142223358154,0.03255388094706059,0.011279881000518799,0.009682178497314453,0.011459068280752716,0.030973996068694887,0.03440038736466722
188,0.26565152406692505,0.5271106958389282,0.8081811666488647,0.9471214413642883,0.4797572915878381,0.5381621830725696,0.3827668698505993,0.6593850229591081,0.9825018644332886,0.6211820066469345,0.9887201189994812,0.7125669717788696,0.6183606430994343,0.5908045740626671,0.7182962376625125
208,0.014619886875152588,0.022135555744171143,0.07204532623291016,0.0033286213874816895,0.13929682578940017,0.12191376413441868,0.1058538694034965,0.15415653624066683,0.011707842350006104,0.0716731364619671,0.011279881000518799,0.03724098205566406,0.024522431712821646,0.08276964942029863,0.08830593783680907
209,0.3057105541229248,0.6691450774669647,0.2191506028175354,0.15414541959762573,0.515874689040655,0.5923962016951422,0.5788559575261889,0.5464055115579303,0.2253236174583435,0.42300084792036785,0.011279881000518799,0.15414541959762573,0.30270098794776057,0.39642046597241265,0.3836150064844466
211,0.8841184973716736,0.3260153532028198,0.25889497995376587,0.6997828483581543,0.40942151311032215,0.3131612724663523,0.3318276296802981,0.3891501905705165,0.7031432092189789,0.47950172154809795,0.9912500837817788,0.19611895084381104,0.4301496692316764,0.42416324965239105,0.4652979593564728
217,0.04651981592178345,0.0043482184410095215,0.043407320976257324,0.04614663124084473,0.17384058806874558,0.09205927157183458,0.07305236632131329,0.19662728956781672,0.07943552732467651,0.08393744771492019,0.011279881000518799,0.04679900407791138,0.04705559140779125,0.09983118566463811,0.11057102762941629
218,0.2380511462688446,0.24907252192497253,0.6307429075241089,0.07616730034351349,0.2955538732821439,0.30166663935203836,0.258359381131307,0.2562299555824661,0.08596324920654297,0.265756330512882,0.008749916218221188,0.07616730034351349,0.07759227265126019,0.14195591640678387,0.18407520406458402
221,0.0052231550216674805,0.3699524402618408,0.0904344916343689,0.201363205909729,0.27640520266329904,0.43501201051536564,0.41818680410933595,0.38887881378930633,0.24394309520721436,0.2699332465680142,0.011279881000518799,0.011397361755371094,0.018797283535880838,0.12644497593442294,0.17768247884498722
226,0.12502771615982056,0.11769521236419678,0.02645587921142578,0.010063529014587402,0.2922837503309307,0.2618950784026377,0.11445941917716462,0.21207936721726284,0.044032931327819824,0.1337769870228718,0.011279881000518799,0.010063529014587402,0.03535090672462293,0.12631382391472634,0.15203942109657165
244,0.014596402645111084,0.0015016794204711914,0.006456613540649414,0.012182295322418213,0.07022398085271075,0.09449600302024408,0.0600730702550607,0.13612236801231115,0.008700430393218994,0.04492809371802173,0.011279881000518799,0.0027243494987487793,0.07822425523383536,0.09670400705108939,0.060696510361831546
246,0.018647372722625732,0.05769389867782593,0.04971224069595337,0.03695744276046753,0.14157688935430413,0.141202095007667,0.1181204722010214,0.19271991953046208,0.017632484436035156,0.08602920170959581,0.011279881000518799,0.015350162982940674,0.06112453911894322,0.11961189220156343,0.12226276072546427
248,0.07958430051803589,0.17567545175552368,0.13338541984558105,0.08071029186248779,0.3940816851512947,0.3255324535953996,0.23608984888332696,0.3096817550641079,0.04024171829223633,0.19722032499644376,0.011279881000518799,0.08931297063827515,0.21499953503254876,0.24648314214440992,0.1728588377503697
249,0.03690550476312637,0.12116096913814545,0.012758010998368263,0.2000311017036438,0.09032805785592117,0.18927908842671012,0.13524353538359088,0.2090316875661826,0.02389434166252613,0.11318136638869053,0.008749916218221188,0.2000311017036438,0.11914242113801096,0.14184466225663875,0.11917077708577144
251,0.0023455580230802298,0.007153164595365524,0.00399872986599803,0.025617150589823723,0.12969929625195178,0.21805755339218702,0.15544008509341803,0.18933210655403157,0.026320675387978554,0.08421825775042605,0.008749916218221188,0.008489822037518024,0.013066015073136174,0.0385356225421152,0.07490017326416841
252,0.00996387004852295,0.07658249139785767,0.01936429738998413,0.012001514434814453,0.12625137281558663,0.2678439652622282,0.09987686066754675,0.23292916718075318,0.13245540857315063,0.1085854386411605,0.011279881000518799,0.007796525955200195,0.03704595594381799,0.05796954899135487,0.08711993583221145
254,0.9325112104415894,0.985633909702301,0.8825120329856873,0.8787200450897217,0.6314019849527813,0.7608490171895523,0.7450475555896565,0.5771908266360557,0.9796482920646667,0.8192794305168901,0.9887201189994812,0.907179594039917,0.9136929805112988,0.9194716398197122,0.7839792230998777
258,0.042643964290618896,0.04568016529083252,0.036978721618652344,0.3267117738723755,0.36281854440426053,0.4901014875579025,0.42413905096230575,0.34265265693414637,0.09764927625656128,0.24104173790973948,0.011279881000518799,0.30877822637557983,0.2812001899236857,0.2552170566203634,0.29068187197600415
263,0.005582928657531738,0.009751856327056885,0.008130192756652832,0.0044974684715271,0.20778113740953752,0.32134699664780597,0.2433168032787567,0.1824642553633552,0.028990209102630615,0.11242909422387272,0.011279881000518799,0.028990209102630615,0.08797623921263664,0.1336613585769324,0.10088848243447901
264,0.012962579727172852,0.0028997063636779785,0.0042324066162109375,0.007858633995056152,0.21806759561763545,0.16039039114985598,0.1307103491438497,0.22324155427253856,0.005563497543334961,0.08510296826992585,0.011279881000518799,0.0053754448890686035,0.07081937499523039,0.0863165341500225,0.10030549929974297
265,0.1449359655380249,0.11173270642757416,0.03697316721081734,0.3882231116294861,0.17066743691301517,0.16065819954018068,0.20961632149454654,0.2847534879670794,0.04449480399489403,0.17245057785729095,0.008749916218221188,0.22821546832207099,0.19301158694114096,0.21064633224494883,0.20662305264636394
278,0.004653559066355228,0.007132114376872778,0.007700404152274132,0.012461848556995392,0.1654551728429748,0.04643111134833975,0.07357843119045981,0.11753787269875511,0.01898369751870632,0.05043713463908148,0.008749916218221188,0.005723214242607355,0.07936578091477116,0.09775650504575019,0.06399591343943747
280,0.9599873721599579,0.9249677509069443,0.9305228218436241,0.5279440581798553,0.7334991062279788,0.8340186001602837,0.7642149517123437,0.5833260426188451,0.9492253065109253,0.8008562233689731,0.011279881000518799,0.8941268995404243,0.7575071351292382,0.7651440726950696,0.7591032748666676
281,0.8667204529047012,0.9239235296845436,0.909385547041893,0.9503313601016998,0.7783504556230321,0.8861615904216874,0.749136423570702,0.6682897797200502,0.9371187016367912,0.8521575378561222,0.9912500837817788,0.9562934748828411,0.9544044570869563,0.9503240640158541,0.8444345070664715
282,0.034053802490234375,0.01129084825515747,0.0437694787979126,0.2855229377746582,0.165975290508245,0.18242043497900118,0.12862647337368116,0.4459651875019872,0.10535097122192383,0.15588615832253344,0.011279881000518799,0.0645667314529419,0.1392383967987496,0.14227272674425007,0.18700860109428974
293,0.020097434520721436,0.2737700343132019,0.04381263256072998,0.36295008659362793,0.22179092645549459,0.4100651568998459,0.21014612697214985,0.40432547264635244,0.026660025119781494,0.21929087734243394,0.011279881000518799,0.019945859909057617,0.19226541086153537,0.2498834670476311,0.27646208378714077
296,0.17462855577468872,0.7995312809944153,0.7680141031742096,0.8061786592006683,0.4978372419110234,0.5089364606033847,0.34696525854026816,0.6658299825000575,0.39386308193206787,0.5513094027367537,0.9912500837817788,0.03468930721282959,0.4277557456175176,0.4922506952001602,0.5138493010431826
