,0,1,2,3,4,5,6,7
0,0.334529310464859,0.33252447843551636,0.0,0.33294618129730225,0.0,0.0,0.0,0.0
1,0.3323603570461273,0.3309844732284546,0.3366551697254181,0.0,0.0,0.0,0.0,0.0
2,0.344677209854126,0.0,0.0,0.33766376972198486,0.0,0.0,0.0,0.31765902042388916
3,0.3400668203830719,0.0,0.3318796455860138,0.3280535340309143,0.0,0.0,0.0,0.0
4,0.32072266936302185,0.3234945833683014,0.35578271746635437,0.0,0.0,0.0,0.0,0.0
5,0.0,0.3488807678222656,0.3107190430164337,0.34040015935897827,0.0,0.0,0.0,0.0
6,0.3099523186683655,0.31947630643844604,0.37057140469551086,0.0,0.0,0.0,0.0,0.0
7,0.3457542359828949,0.32246604561805725,0.0,0.33177971839904785,0.0,0.0,0.0,0.0
8,0.3458831310272217,0.0,0.3282231390476227,0.3258937895298004,0.0,0.0,0.0,0.0
9,0.322698175907135,0.34407347440719604,0.0,0.33322834968566895,0.0,0.0,0.0,0.0
10,0.3262190520763397,0.33535411953926086,0.3384268283843994,0.0,0.0,0.0,0.0,0.0
11,0.0,0.3252182602882385,0.3187294602394104,0.3560522794723511,0.0,0.0,0.0,0.0
12,0.0,0.33645448088645935,0.3343060314655304,0.32923954725265503,0.0,0.0,0.0,0.0
13,0.3464966416358948,0.3251973092556,0.32830607891082764,0.0,0.0,0.0,0.0,0.0
14,0.32526153326034546,0.3177529275417328,0.0,0.35698550939559937,0.0,0.0,0.0,0.0
15,0.3117491602897644,0.3277576267719269,0.36049318313598633,0.0,0.0,0.0,0.0,0.0
16,0.34845656156539917,0.0,0.33742135763168335,0.31412217020988464,0.0,0.0,0.0,0.0
17,0.32733649015426636,0.3254640996456146,0.347199410200119,0.0,0.0,0.0,0.0,0.0
18,0.35848256945610046,0.32389041781425476,0.0,0.31762710213661194,0.0,0.0,0.0,0.0
19,0.32517457008361816,0.33733007311820984,0.3374953269958496,0.0,0.0,0.0,0.0,0.0
20,0.31862881779670715,0.3304708003997803,0.0,0.3509003520011902,0.0,0.0,0.0,0.0
21,0.3172360360622406,0.35441118478775024,0.32835280895233154,0.0,0.0,0.0,0.0,0.0
22,0.34952133893966675,0.3268139064311981,0.0,0.0,0.32366475462913513,0.0,0.0,0.0
23,0.3318203389644623,0.3185259699821472,0.3496536612510681,0.0,0.0,0.0,0.0,0.0
24,0.3316935896873474,0.3337641656398773,0.0,0.33454227447509766,0.0,0.0,0.0,0.0
25,0.329311728477478,0.33625081181526184,0.33443740010261536,0.0,0.0,0.0,0.0,0.0
26,0.0,0.33433330059051514,0.0,0.35431262850761414,0.31135404109954834,0.0,0.0,0.0
27,0.0,0.3256318271160126,0.34256646037101746,0.33180171251296997,0.0,0.0,0.0,0.0
28,0.3452361226081848,0.0,0.3181034028530121,0.3366605043411255,0.0,0.0,0.0,0.0
29,0.31518951058387756,0.34612271189689636,0.0,0.33868783712387085,0.0,0.0,0.0,0.0
30,0.3474745750427246,0.0,0.31638994812965393,0.33613550662994385,0.0,0.0,0.0,0.0
31,0.0,0.3342427909374237,0.3339487612247467,0.331808477640152,0.0,0.0,0.0,0.0
32,0.34064480662345886,0.32669180631637573,0.0,0.332663357257843,0.0,0.0,0.0,0.0
33,0.34337979555130005,0.0,0.3286718428134918,0.32794833183288574,0.0,0.0,0.0,0.0
34,0.3735293447971344,0.30117082595825195,0.0,0.32529979944229126,0.0,0.0,0.0,0.0
35,0.35912179946899414,0.34001147747039795,0.3008667528629303,0.0,0.0,0.0,0.0,0.0
36,0.32364633679389954,0.0,0.33802473545074463,0.33832892775535583,0.0,0.0,0.0,0.0
37,0.3372918367385864,0.0,0.0,0.0,0.34014636278152466,0.0,0.3225618600845337,0.0
38,0.3399907350540161,0.0,0.3482879102230072,0.3117213845252991,0.0,0.0,0.0,0.0
39,0.32764366269111633,0.3255434036254883,0.0,0.3468129336833954,0.0,0.0,0.0,0.0
40,0.35660889744758606,0.0,0.0,0.331765741109848,0.3116253912448883,0.0,0.0,0.0
41,0.32490968704223633,0.0,0.3361228108406067,0.338967502117157,0.0,0.0,0.0,0.0
42,0.3422619700431824,0.3105103671550751,0.0,0.34722766280174255,0.0,0.0,0.0,0.0
43,0.3353326618671417,0.31233906745910645,0.0,0.3523283302783966,0.0,0.0,0.0,0.0
44,0.3219009339809418,0.34095579385757446,0.3371432423591614,0.0,0.0,0.0,0.0,0.0
45,0.0,0.34831011295318604,0.34252962470054626,0.3091602921485901,0.0,0.0,0.0,0.0
46,0.0,0.354952871799469,0.3207657039165497,0.3242814838886261,0.0,0.0,0.0,0.0
47,0.3547935485839844,0.3238062262535095,0.0,0.3214002251625061,0.0,0.0,0.0,0.0
48,0.3560638725757599,0.0,0.31715211272239685,0.32678401470184326,0.0,0.0,0.0,0.0
49,0.32907000184059143,0.3355123698711395,0.33541756868362427,0.0,0.0,0.0,0.0,0.0
50,0.3499078154563904,0.3210318088531494,0.3290604054927826,0.0,0.0,0.0,0.0,0.0
51,0.32862401008605957,0.0,0.33112654089927673,0.3402494490146637,0.0,0.0,0.0,0.0
52,0.35466626286506653,0.32960450649261475,0.0,0.31572920083999634,0.0,0.0,0.0,0.0
53,0.3234526515007019,0.34020939469337463,0.0,0.33633795380592346,0.0,0.0,0.0,0.0
54,0.32729005813598633,0.3368174433708191,0.33589252829551697,0.0,0.0,0.0,0.0,0.0
55,0.30887675285339355,0.3502284586429596,0.0,0.34089478850364685,0.0,0.0,0.0,0.0
56,0.3426593840122223,0.34339988231658936,0.0,0.0,0.31394070386886597,0.0,0.0,0.0
57,0.3370406925678253,0.0,0.33850952982902527,0.3244498372077942,0.0,0.0,0.0,0.0
58,0.37106624245643616,0.0,0.0,0.3142664134502411,0.314667284488678,0.0,0.0,0.0
59,0.33766910433769226,0.35564494132995605,0.0,0.3066859841346741,0.0,0.0,0.0,0.0
60,0.0,0.3355817198753357,0.3418981432914734,0.32252007722854614,0.0,0.0,0.0,0.0
61,0.35344424843788147,0.3268921971321106,0.0,0.3196636140346527,0.0,0.0,0.0,0.0
62,0.32800257205963135,0.3420768976211548,0.32992058992385864,0.0,0.0,0.0,0.0,0.0
63,0.3803967833518982,0.0,0.0,0.3219817578792572,0.297621488571167,0.0,0.0,0.0
64,0.3305758833885193,0.0,0.35104501247406006,0.3183790445327759,0.0,0.0,0.0,0.0
65,0.3488594889640808,0.3264961540699005,0.3246443569660187,0.0,0.0,0.0,0.0,0.0
66,0.34770384430885315,0.3210085332393646,0.33128759264945984,0.0,0.0,0.0,0.0,0.0
67,0.36182039976119995,0.3303745985031128,0.0,0.0,0.30780500173568726,0.0,0.0,0.0
68,0.35471245646476746,0.3309587240219116,0.31432875990867615,0.0,0.0,0.0,0.0,0.0
69,0.3291130065917969,0.0,0.3509756028652191,0.319911390542984,0.0,0.0,0.0,0.0
70,0.34241729974746704,0.0,0.3524583578109741,0.3051243722438812,0.0,0.0,0.0,0.0
71,0.34593188762664795,0.0,0.0,0.32866641879081726,0.0,0.32540175318717957,0.0,0.0
72,0.3288881480693817,0.0,0.34894585609436035,0.32216599583625793,0.0,0.0,0.0,0.0
73,0.3205168843269348,0.0,0.35289934277534485,0.32658377289772034,0.0,0.0,0.0,0.0
74,0.3277575969696045,0.0,0.3311538100242615,0.3410886228084564,0.0,0.0,0.0,0.0
75,0.3303443193435669,0.3386722803115845,0.0,0.33098340034484863,0.0,0.0,0.0,0.0
76,0.0,0.0,0.0,0.3413465619087219,0.32813599705696106,0.0,0.0,0.3305174708366394
77,0.3535783588886261,0.31589484214782715,0.0,0.33052676916122437,0.0,0.0,0.0,0.0
78,0.33164408802986145,0.0,0.3433009386062622,0.32505494356155396,0.0,0.0,0.0,0.0
79,0.0,0.0,0.0,0.3545251786708832,0.3229832947254181,0.32249149680137634,0.0,0.0
80,0.0,0.0,0.3382814824581146,0.33478042483329773,0.32693812251091003,0.0,0.0,0.0
81,0.3193953037261963,0.33005979657173157,0.35054489970207214,0.0,0.0,0.0,0.0,0.0
82,0.34160542488098145,0.3388214111328125,0.0,0.31957313418388367,0.0,0.0,0.0,0.0
83,0.34893614053726196,0.0,0.0,0.33249232172966003,0.3185715079307556,0.0,0.0,0.0
84,0.3552839457988739,0.33833152055740356,0.0,0.30638450384140015,0.0,0.0,0.0,0.0
85,0.35170191526412964,0.32545673847198486,0.0,0.3228413462638855,0.0,0.0,0.0,0.0
86,0.3540534973144531,0.0,0.0,0.3386731743812561,0.30727335810661316,0.0,0.0,0.0
87,0.3257990777492523,0.351777046918869,0.0,0.0,0.0,0.3224237859249115,0.0,0.0
88,0.3381325900554657,0.33985549211502075,0.0,0.0,0.0,0.32201191782951355,0.0,0.0
89,0.3582824170589447,0.31747591495513916,0.0,0.3242416977882385,0.0,0.0,0.0,0.0
90,0.34610769152641296,0.33488398790359497,0.31900835037231445,0.0,0.0,0.0,0.0,0.0
91,0.341753214597702,0.32824134826660156,0.3300054669380188,0.0,0.0,0.0,0.0,0.0
92,0.3343487083911896,0.33174577355384827,0.33390548825263977,0.0,0.0,0.0,0.0,0.0
93,0.34116289019584656,0.3154059946537018,0.34343111515045166,0.0,0.0,0.0,0.0,0.0
94,0.3399878442287445,0.0,0.32763242721557617,0.0,0.3323797285556793,0.0,0.0,0.0
95,0.33116257190704346,0.3366999328136444,0.0,0.0,0.33213746547698975,0.0,0.0,0.0
96,0.3637964129447937,0.3328876197338104,0.3033159375190735,0.0,0.0,0.0,0.0,0.0
97,0.0,0.32512417435646057,0.3601979613304138,0.314677894115448,0.0,0.0,0.0,0.0
98,0.3599199652671814,0.3204742968082428,0.0,0.3196057081222534,0.0,0.0,0.0,0.0
99,0.0,0.32625359296798706,0.32644814252853394,0.3472982347011566,0.0,0.0,0.0,0.0
100,0.33816730976104736,0.3383343517780304,0.0,0.32349830865859985,0.0,0.0,0.0,0.0
101,0.3592658042907715,0.31448060274124146,0.32625359296798706,0.0,0.0,0.0,0.0,0.0
102,0.34267115592956543,0.3317092955112457,0.3256196081638336,0.0,0.0,0.0,0.0,0.0
103,0.3258703947067261,0.3138125538825989,0.0,0.36031705141067505,0.0,0.0,0.0,0.0
104,0.3618375062942505,0.3273248076438904,0.31083759665489197,0.0,0.0,0.0,0.0,0.0
105,0.3686855435371399,0.0,0.2895200848579407,0.34179437160491943,0.0,0.0,0.0,0.0
106,0.3429776132106781,0.0,0.31818145513534546,0.33884090185165405,0.0,0.0,0.0,0.0
107,0.3132076859474182,0.3364393711090088,0.3503529727458954,0.0,0.0,0.0,0.0,0.0
108,0.35337620973587036,0.0,0.3207817077636719,0.32584208250045776,0.0,0.0,0.0,0.0
109,0.3282911479473114,0.3254335820674896,0.0,0.3462752401828766,0.0,0.0,0.0,0.0
110,0.3518370985984802,0.32164403796195984,0.0,0.32651883363723755,0.0,0.0,0.0,0.0
111,0.3286987543106079,0.0,0.3624991178512573,0.0,0.0,0.0,0.30880212783813477,0.0
112,0.32760751247406006,0.0,0.3391071557998657,0.3332853615283966,0.0,0.0,0.0,0.0
113,0.33807623386383057,0.3188728988170624,0.0,0.34305089712142944,0.0,0.0,0.0,0.0
114,0.3512018322944641,0.3237636983394623,0.3250344693660736,0.0,0.0,0.0,0.0,0.0
115,0.33545419573783875,0.33215072751045227,0.0,0.3323950171470642,0.0,0.0,0.0,0.0
116,0.0,0.3382725715637207,0.3130078911781311,0.3487195372581482,0.0,0.0,0.0,0.0
117,0.32570943236351013,0.3641335964202881,0.0,0.3101569414138794,0.0,0.0,0.0,0.0
118,0.320899099111557,0.3200671672821045,0.0,0.3590337634086609,0.0,0.0,0.0,0.0
119,0.31429964303970337,0.0,0.3414095342159271,0.3442908227443695,0.0,0.0,0.0,0.0
120,0.0,0.33244240283966064,0.3186686336994171,0.34888896346092224,0.0,0.0,0.0,0.0
121,0.33183225989341736,0.0,0.32779431343078613,0.3403734266757965,0.0,0.0,0.0,0.0
122,0.3549802899360657,0.0,0.3218700885772705,0.32314959168434143,0.0,0.0,0.0,0.0
123,0.33362385630607605,0.0,0.3284524083137512,0.3379237651824951,0.0,0.0,0.0,0.0
124,0.3082665801048279,0.0,0.34360384941101074,0.3481295704841614,0.0,0.0,0.0,0.0
125,0.33400630950927734,0.0,0.32815754413604736,0.3378360867500305,0.0,0.0,0.0,0.0
126,0.0,0.34796205163002014,0.3259173631668091,0.32612061500549316,0.0,0.0,0.0,0.0
127,0.0,0.34572795033454895,0.2972840964794159,0.35698795318603516,0.0,0.0,0.0,0.0
128,0.32635828852653503,0.3443727493286133,0.0,0.3292689919471741,0.0,0.0,0.0,0.0
129,0.3298789858818054,0.0,0.3267804980278015,0.34334054589271545,0.0,0.0,0.0,0.0
130,0.3438182473182678,0.0,0.3120361864566803,0.3441455662250519,0.0,0.0,0.0,0.0
131,0.32462769746780396,0.0,0.0,0.3598158657550812,0.31555646657943726,0.0,0.0,0.0
132,0.330233097076416,0.33495673537254333,0.0,0.33481019735336304,0.0,0.0,0.0,0.0
133,0.3448164165019989,0.334833025932312,0.3203505277633667,0.0,0.0,0.0,0.0,0.0
134,0.3149124085903168,0.0,0.31324559450149536,0.37184199690818787,0.0,0.0,0.0,0.0
135,0.0,0.3403724431991577,0.3309110403060913,0.32871654629707336,0.0,0.0,0.0,0.0
136,0.3321413993835449,0.0,0.30122342705726624,0.3666352331638336,0.0,0.0,0.0,0.0
137,0.3499109447002411,0.32511791586875916,0.0,0.32497116923332214,0.0,0.0,0.0,0.0
138,0.0,0.3403269946575165,0.3316246569156647,0.32804837822914124,0.0,0.0,0.0,0.0
139,0.0,0.33358246088027954,0.3344142735004425,0.33200326561927795,0.0,0.0,0.0,0.0
140,0.31657829880714417,0.3381665349006653,0.0,0.34525519609451294,0.0,0.0,0.0,0.0
141,0.33598652482032776,0.0,0.2991790771484375,0.36483436822891235,0.0,0.0,0.0,0.0
142,0.33166107535362244,0.0,0.33621540665626526,0.3321235477924347,0.0,0.0,0.0,0.0
143,0.0,0.3506791591644287,0.0,0.3302237093448639,0.0,0.0,0.0,0.3190971314907074
144,0.3434571325778961,0.3179745376110077,0.0,0.3385683298110962,0.0,0.0,0.0,0.0
145,0.3532645106315613,0.32008251547813416,0.0,0.32665300369262695,0.0,0.0,0.0,0.0
146,0.30444833636283875,0.3590905964374542,0.0,0.33646100759506226,0.0,0.0,0.0,0.0
147,0.3311484456062317,0.0,0.32614150643348694,0.34271007776260376,0.0,0.0,0.0,0.0
148,0.31121331453323364,0.3214007616043091,0.0,0.3673858642578125,0.0,0.0,0.0,0.0
149,0.0,0.33692631125450134,0.32507747411727905,0.3379961848258972,0.0,0.0,0.0,0.0
150,0.3293338716030121,0.3350084125995636,0.0,0.3356577157974243,0.0,0.0,0.0,0.0
151,0.32776904106140137,0.0,0.31462258100509644,0.3576084077358246,0.0,0.0,0.0,0.0
152,0.0,0.33855700492858887,0.0,0.0,0.0,0.33680790662765503,0.0,0.32463502883911133
153,0.32245707511901855,0.3170885443687439,0.0,0.36045438051223755,0.0,0.0,0.0,0.0
154,0.34907153248786926,0.29620346426963806,0.0,0.3547249734401703,0.0,0.0,0.0,0.0
155,0.3252890408039093,0.0,0.33285412192344666,0.34185680747032166,0.0,0.0,0.0,0.0
156,0.31980711221694946,0.0,0.3160638213157654,0.36412906646728516,0.0,0.0,0.0,0.0
157,0.0,0.3254433572292328,0.32856839895248413,0.34598830342292786,0.0,0.0,0.0,0.0
158,0.3349027931690216,0.32767537236213684,0.33742180466651917,0.0,0.0,0.0,0.0,0.0
159,0.3353561758995056,0.3536727726459503,0.0,0.31097105145454407,0.0,0.0,0.0,0.0
160,0.3278466761112213,0.3387339115142822,0.0,0.3334193825721741,0.0,0.0,0.0,0.0
161,0.3230912685394287,0.0,0.32578110694885254,0.3511276841163635,0.0,0.0,0.0,0.0
162,0.34023571014404297,0.0,0.34453243017196655,0.3152318298816681,0.0,0.0,0.0,0.0
163,0.3033956289291382,0.0,0.0,0.38420364260673523,0.0,0.0,0.0,0.3124006688594818
164,0.33984604477882385,0.3025435209274292,0.0,0.35761043429374695,0.0,0.0,0.0,0.0
165,0.0,0.32720375061035156,0.33351877331733704,0.3392774760723114,0.0,0.0,0.0,0.0
166,0.3385523557662964,0.3227609097957611,0.0,0.3386867344379425,0.0,0.0,0.0,0.0
167,0.33461225032806396,0.33046841621398926,0.334919273853302,0.0,0.0,0.0,0.0,0.0
168,0.3374020755290985,0.0,0.0,0.3242882490158081,0.3383096754550934,0.0,0.0,0.0
169,0.0,0.35176658630371094,0.32118627429008484,0.3270471692085266,0.0,0.0,0.0,0.0
170,0.334389328956604,0.30658113956451416,0.0,0.35902953147888184,0.0,0.0,0.0,0.0
171,0.3363749384880066,0.0,0.32798922061920166,0.33563581109046936,0.0,0.0,0.0,0.0
172,0.33390140533447266,0.3215023875236511,0.0,0.3445962369441986,0.0,0.0,0.0,0.0
173,0.0,0.3263583481311798,0.34735769033432007,0.0,0.0,0.0,0.0,0.3262839615345001
174,0.2096795998867517,0.0,0.0,0.4199521187358754,0.0,0.0,0.0,0.3703682813773728
175,0.0,0.34573301672935486,0.0,0.32986658811569214,0.0,0.324400395154953,0.0,0.0
176,0.3399916887283325,0.0,0.3203020393848419,0.33970630168914795,0.0,0.0,0.0,0.0
177,0.3328396677970886,0.29528146982192993,0.0,0.37187889218330383,0.0,0.0,0.0,0.0
178,0.0,0.3176320195198059,0.35889410972595215,0.32347387075424194,0.0,0.0,0.0,0.0
179,0.33659133315086365,0.33450737595558167,0.3289013206958771,0.0,0.0,0.0,0.0,0.0
180,0.3426874577999115,0.33280348777770996,0.32450899481773376,0.0,0.0,0.0,0.0,0.0
181,0.33841726183891296,0.3381496071815491,0.3234331011772156,0.0,0.0,0.0,0.0,0.0
182,0.33118242025375366,0.0,0.33628883957862854,0.3325287699699402,0.0,0.0,0.0,0.0
183,0.0,0.32822203636169434,0.3329101800918579,0.33886781334877014,0.0,0.0,0.0,0.0
184,0.3345763683319092,0.3500305116176605,0.0,0.3153931200504303,0.0,0.0,0.0,0.0
185,0.0,0.3441588580608368,0.318866491317749,0.3369746506214142,0.0,0.0,0.0,0.0
186,0.3366803526878357,0.0,0.3570931851863861,0.306226521730423,0.0,0.0,0.0,0.0
187,0.34290435910224915,0.0,0.3250700831413269,0.33202555775642395,0.0,0.0,0.0,0.0
188,0.32493826746940613,0.33228132128715515,0.0,0.34278038144111633,0.0,0.0,0.0,0.0
189,0.34741127490997314,0.0,0.30644774436950684,0.3461410403251648,0.0,0.0,0.0,0.0
190,0.0,0.320621520280838,0.34515538811683655,0.33422309160232544,0.0,0.0,0.0,0.0
191,0.327475368976593,0.33747774362564087,0.3350468575954437,0.0,0.0,0.0,0.0,0.0
192,0.0,0.0,0.403390008806729,0.3801142131282417,0.0,0.0,0.0,0.21649577806502937
193,0.343976229429245,0.0,0.0,0.3519928753376007,0.0,0.0,0.0,0.3040309250354767
194,0.32233837246894836,0.0,0.33088743686676025,0.3467741906642914,0.0,0.0,0.0,0.0
195,0.32814162969589233,0.0,0.34006860852241516,0.3317897617816925,0.0,0.0,0.0,0.0
196,0.3338874876499176,0.0,0.3235037922859192,0.3426087498664856,0.0,0.0,0.0,0.0
197,0.3670986294746399,0.3234903812408447,0.309410959482193,0.0,0.0,0.0,0.0,0.0
198,0.34011292457580566,0.0,0.3236158490180969,0.33627113699913025,0.0,0.0,0.0,0.0
199,0.3400432765483856,0.0,0.32498177886009216,0.3349749743938446,0.0,0.0,0.0,0.0
200,0.3355436623096466,0.3483559489250183,0.0,0.3161003589630127,0.0,0.0,0.0,0.0
201,0.33045694231987,0.0,0.0,0.3521277904510498,0.0,0.0,0.0,0.3174152970314026
202,0.3407314419746399,0.0,0.3308960199356079,0.3283725380897522,0.0,0.0,0.0,0.0
203,0.317542165517807,0.0,0.35230809450149536,0.33014971017837524,0.0,0.0,0.0,0.0
204,0.32890456914901733,0.0,0.33177706599235535,0.33931833505630493,0.0,0.0,0.0,0.0
205,0.3461913466453552,0.0,0.33033353090286255,0.32347509264945984,0.0,0.0,0.0,0.0
206,0.3401276469230652,0.0,0.328117311000824,0.33175504207611084,0.0,0.0,0.0,0.0
207,0.34544092416763306,0.0,0.31878459453582764,0.3357744514942169,0.0,0.0,0.0,0.0
208,0.3411393463611603,0.0,0.33608782291412354,0.3227727711200714,0.0,0.0,0.0,0.0
209,0.3762492537498474,0.0,0.3042975664138794,0.0,0.3194531798362732,0.0,0.0,0.0
210,0.0,0.3050478398799896,0.3219781219959259,0.37297406792640686,0.0,0.0,0.0,0.0
211,0.35291069746017456,0.32447391748428345,0.32261544466018677,0.0,0.0,0.0,0.0,0.0
212,0.33572450280189514,0.29696208238601685,0.0,0.3673134446144104,0.0,0.0,0.0,0.0
213,0.3482166826725006,0.30621418356895447,0.0,0.3455691337585449,0.0,0.0,0.0,0.0
214,0.32575738430023193,0.0,0.31714391708374023,0.35709869861602783,0.0,0.0,0.0,0.0
215,0.32216715812683105,0.323000967502594,0.0,0.35483190417289734,0.0,0.0,0.0,0.0
216,0.3821380138397217,0.0,0.0,0.30697888135910034,0.3108830749988556,0.0,0.0,0.0
217,0.0,0.3160235583782196,0.34539514780044556,0.33858126401901245,0.0,0.0,0.0,0.0
218,0.33359473943710327,0.0,0.33686497807502747,0.32954031229019165,0.0,0.0,0.0,0.0
219,0.3337681293487549,0.0,0.3327197730541229,0.3335120379924774,0.0,0.0,0.0,0.0
220,0.37254467606544495,0.0,0.3066382110118866,0.32081714272499084,0.0,0.0,0.0,0.0
221,0.33106720447540283,0.0,0.34136146306991577,0.327571302652359,0.0,0.0,0.0,0.0
222,0.341887503862381,0.0,0.3482937514781952,0.3098188042640686,0.0,0.0,0.0,0.0
223,0.3440038859844208,0.330929696559906,0.0,0.3250664174556732,0.0,0.0,0.0,0.0
224,0.0,0.3357580602169037,0.0,0.33398887515068054,0.0,0.33025309443473816,0.0,0.0
225,0.36348965764045715,0.31283843517303467,0.0,0.3236719071865082,0.0,0.0,0.0,0.0
226,0.3414222300052643,0.31474775075912476,0.0,0.34383007884025574,0.0,0.0,0.0,0.0
227,0.3105756640434265,0.3269372582435608,0.0,0.3624870777130127,0.0,0.0,0.0,0.0
228,0.3171152174472809,0.3586818277835846,0.0,0.32420292496681213,0.0,0.0,0.0,0.0
229,0.0,0.33637887239456177,0.32597804069519043,0.3376430869102478,0.0,0.0,0.0,0.0
230,0.0,0.33489319682121277,0.3361324071884155,0.3289743661880493,0.0,0.0,0.0,0.0
231,0.3544635474681854,0.31572774052619934,0.3298087418079376,0.0,0.0,0.0,0.0,0.0
232,0.33845528960227966,0.0,0.3365255296230316,0.32501915097236633,0.0,0.0,0.0,0.0
233,0.33499574661254883,0.3364381790161133,0.3285660445690155,0.0,0.0,0.0,0.0,0.0
234,0.3239564597606659,0.33347174525260925,0.0,0.34257179498672485,0.0,0.0,0.0,0.0
235,0.32939407229423523,0.328879177570343,0.34172677993774414,0.0,0.0,0.0,0.0,0.0
236,0.3604450821876526,0.31649333238601685,0.0,0.32306161522865295,0.0,0.0,0.0,0.0
237,0.3318674862384796,0.3317002058029175,0.3364322781562805,0.0,0.0,0.0,0.0,0.0
238,0.3158837556838989,0.3620031177997589,0.0,0.3221130669116974,0.0,0.0,0.0,0.0
239,0.3480737805366516,0.326372891664505,0.0,0.3255533277988434,0.0,0.0,0.0,0.0
240,0.0,0.3225531280040741,0.32844242453575134,0.3490044176578522,0.0,0.0,0.0,0.0
241,0.0,0.3210727274417877,0.34417739510536194,0.33474990725517273,0.0,0.0,0.0,0.0
242,0.3184341490268707,0.0,0.32816165685653687,0.3534041941165924,0.0,0.0,0.0,0.0
243,0.3449111878871918,0.3079649806022644,0.0,0.3471238315105438,0.0,0.0,0.0,0.0
244,0.3345830738544464,0.0,0.319495290517807,0.3459215760231018,0.0,0.0,0.0,0.0
245,0.3360517919063568,0.0,0.34020596742630005,0.3237422704696655,0.0,0.0,0.0,0.0
246,0.32248547673225403,0.0,0.3441757559776306,0.33333879709243774,0.0,0.0,0.0,0.0
247,0.3389582633972168,0.32909777760505676,0.33194389939308167,0.0,0.0,0.0,0.0,0.0
248,0.327358216047287,0.0,0.34447669982910156,0.32816511392593384,0.0,0.0,0.0,0.0
249,0.33185669779777527,0.0,0.3257041275501251,0.3424391448497772,0.0,0.0,0.0,0.0
250,0.3311830163002014,0.0,0.3378406763076782,0.33097633719444275,0.0,0.0,0.0,0.0
251,0.30353420972824097,0.349529892206192,0.34693583846092224,0.0,0.0,0.0,0.0,0.0
252,0.0,0.3319421708583832,0.32541075348854065,0.3426470458507538,0.0,0.0,0.0,0.0
253,0.33379927277565,0.33316051959991455,0.33304017782211304,0.0,0.0,0.0,0.0,0.0
254,0.0,0.32787349820137024,0.33055898547172546,0.3415675163269043,0.0,0.0,0.0,0.0
255,0.33638304471969604,0.3341703414916992,0.0,0.3294466435909271,0.0,0.0,0.0,0.0
256,0.31763121485710144,0.32036879658699036,0.3619999289512634,0.0,0.0,0.0,0.0,0.0
257,0.3338610529899597,0.0,0.33408045768737793,0.3320584297180176,0.0,0.0,0.0,0.0
258,0.0,0.3272831439971924,0.34059813618659973,0.3321187198162079,0.0,0.0,0.0,0.0
259,0.30686426162719727,0.34795746207237244,0.0,0.3451782464981079,0.0,0.0,0.0,0.0
260,0.3308981955051422,0.33409583568573,0.3350059986114502,0.0,0.0,0.0,0.0,0.0
261,0.34283366799354553,0.3087376058101654,0.0,0.34842872619628906,0.0,0.0,0.0,0.0
262,0.0,0.3202298879623413,0.3322613835334778,0.3475087583065033,0.0,0.0,0.0,0.0
263,0.33368438482284546,0.0,0.33419227600097656,0.3321232795715332,0.0,0.0,0.0,0.0
264,0.3290952444076538,0.0,0.346780389547348,0.32412436604499817,0.0,0.0,0.0,0.0
265,0.34584861993789673,0.0,0.30848219990730286,0.3456691801548004,0.0,0.0,0.0,0.0
266,0.33735036849975586,0.32966792583465576,0.0,0.3329817056655884,0.0,0.0,0.0,0.0
267,0.33330589532852173,0.33216917514801025,0.334524929523468,0.0,0.0,0.0,0.0,0.0
268,0.3274226784706116,0.320774644613266,0.35180267691612244,0.0,0.0,0.0,0.0,0.0
269,0.333106130361557,0.3286563456058502,0.0,0.3382375240325928,0.0,0.0,0.0,0.0
270,0.33399057388305664,0.3294331431388855,0.0,0.33657628297805786,0.0,0.0,0.0,0.0
271,0.0,0.34848156571388245,0.31231242418289185,0.3392060101032257,0.0,0.0,0.0,0.0
272,0.0,0.33066216111183167,0.3446062505245209,0.32473158836364746,0.0,0.0,0.0,0.0
273,0.2879934310913086,0.33368510007858276,0.37832146883010864,0.0,0.0,0.0,0.0,0.0
274,0.3311716318130493,0.0,0.333924800157547,0.3349035680294037,0.0,0.0,0.0,0.0
275,0.0,0.347432017326355,0.3408571779727936,0.31171080470085144,0.0,0.0,0.0,0.0
276,0.3233241140842438,0.3350163698196411,0.3416594862937927,0.0,0.0,0.0,0.0,0.0
277,0.0,0.0,0.34451594948768616,0.33126696944236755,0.0,0.0,0.3242170810699463,0.0
278,0.32615506649017334,0.0,0.3242960572242737,0.34954890608787537,0.0,0.0,0.0,0.0
279,0.3247978091239929,0.0,0.3175670802593231,0.3576350808143616,0.0,0.0,0.0,0.0
280,0.31894463300704956,0.3619234561920166,0.3191319406032562,0.0,0.0,0.0,0.0,0.0
281,0.34483271837234497,0.0,0.3204815089702606,0.3346858024597168,0.0,0.0,0.0,0.0
282,0.3400542140007019,0.0,0.33649006485939026,0.3234557807445526,0.0,0.0,0.0,0.0
283,0.37632444500923157,0.0,0.3197116553783417,0.0,0.30396392941474915,0.0,0.0,0.0
284,0.0,0.34546980261802673,0.3154235780239105,0.3391066789627075,0.0,0.0,0.0,0.0
285,0.0,0.0,0.3426608741283417,0.0,0.0,0.0,0.32901227474212646,0.3283268213272095
286,0.0,0.34649497270584106,0.3172179162502289,0.33628711104393005,0.0,0.0,0.0,0.0
287,0.0,0.36114004254341125,0.0,0.3231494724750519,0.0,0.31571048498153687,0.0,0.0
288,0.33282074332237244,0.31409722566604614,0.0,0.3530820310115814,0.0,0.0,0.0,0.0
289,0.3610973656177521,0.32084423303604126,0.0,0.31805840134620667,0.0,0.0,0.0,0.0
290,0.32288944721221924,0.0,0.35925501585006714,0.3178555369377136,0.0,0.0,0.0,0.0
291,0.3373550772666931,0.0,0.35487300157546997,0.3077719211578369,0.0,0.0,0.0,0.0
292,0.3280900716781616,0.0,0.35406336188316345,0.31784653663635254,0.0,0.0,0.0,0.0
293,0.33220937848091125,0.3342532515525818,0.33353739976882935,0.0,0.0,0.0,0.0,0.0
294,0.3511466979980469,0.3300797939300537,0.0,0.3187735378742218,0.0,0.0,0.0,0.0
295,0.32213667035102844,0.32681918144226074,0.0,0.3510441482067108,0.0,0.0,0.0,0.0
296,0.3314076066017151,0.0,0.33092382550239563,0.3376685380935669,0.0,0.0,0.0,0.0
297,0.33036404848098755,0.3314606249332428,0.3381752669811249,0.0,0.0,0.0,0.0,0.0
298,0.3213472068309784,0.0,0.3276091516017914,0.35104361176490784,0.0,0.0,0.0,0.0
299,0.333995521068573,0.32838431000709534,0.0,0.33762019872665405,0.0,0.0,0.0,0.0
300,0.0,0.34389781951904297,0.33020469546318054,0.3258974850177765,0.0,0.0,0.0,0.0
301,0.34157291054725647,0.2949376702308655,0.36348944902420044,0.0,0.0,0.0,0.0,0.0
302,0.3526958227157593,0.0,0.3160952031612396,0.3312089145183563,0.0,0.0,0.0,0.0
303,0.34804975986480713,0.32122498750686646,0.0,0.3307252526283264,0.0,0.0,0.0,0.0
304,0.35203835368156433,0.33723270893096924,0.0,0.31072887778282166,0.0,0.0,0.0,0.0
305,0.3396376669406891,0.0,0.33468759059906006,0.32567477226257324,0.0,0.0,0.0,0.0
306,0.3349345624446869,0.0,0.3332657516002655,0.33179971575737,0.0,0.0,0.0,0.0
307,0.0,0.33951336145401,0.3377557694911957,0.3227308690547943,0.0,0.0,0.0,0.0
308,0.3472890853881836,0.3151897192001343,0.0,0.3375212550163269,0.0,0.0,0.0,0.0
309,0.35610052943229675,0.0,0.307876318693161,0.33602315187454224,0.0,0.0,0.0,0.0
310,0.3241136074066162,0.0,0.3465579152107239,0.3293284773826599,0.0,0.0,0.0,0.0
311,0.34409859776496887,0.3283819556236267,0.0,0.3275194764137268,0.0,0.0,0.0,0.0
312,0.32710689306259155,0.0,0.33672910928726196,0.3361639082431793,0.0,0.0,0.0,0.0
313,0.33956924080848694,0.0,0.3432677686214447,0.31716296076774597,0.0,0.0,0.0,0.0
314,0.32647380232810974,0.0,0.31537944078445435,0.35814669728279114,0.0,0.0,0.0,0.0
315,0.3281588554382324,0.0,0.3307001292705536,0.3411410450935364,0.0,0.0,0.0,0.0
316,0.32961606979370117,0.0,0.3195553123950958,0.350828617811203,0.0,0.0,0.0,0.0
317,0.0,0.3327764570713043,0.33371636271476746,0.3335072100162506,0.0,0.0,0.0,0.0
318,0.33162564039230347,0.0,0.3402301073074341,0.32814425230026245,0.0,0.0,0.0,0.0
319,0.3306121826171875,0.0,0.34183910489082336,0.32754871249198914,0.0,0.0,0.0,0.0
320,0.3307419717311859,0.0,0.327104777097702,0.3421532213687897,0.0,0.0,0.0,0.0
321,0.34163111448287964,0.3278087377548218,0.0,0.3305601477622986,0.0,0.0,0.0,0.0
322,0.33088231086730957,0.3242991268634796,0.34481850266456604,0.0,0.0,0.0,0.0,0.0
323,0.33096757531166077,0.32819122076034546,0.3408412039279938,0.0,0.0,0.0,0.0,0.0
324,0.3138260245323181,0.0,0.3399609327316284,0.34621304273605347,0.0,0.0,0.0,0.0
325,0.3356055021286011,0.0,0.34130582213401794,0.32308870553970337,0.0,0.0,0.0,0.0
326,0.33979853987693787,0.32165005803108215,0.0,0.33855143189430237,0.0,0.0,0.0,0.0
327,0.342448353767395,0.32732096314430237,0.3302306532859802,0.0,0.0,0.0,0.0,0.0
328,0.0,0.33221304416656494,0.346269816160202,0.0,0.0,0.32151708006858826,0.0,0.0
329,0.32388296723365784,0.3355286717414856,0.34058839082717896,0.0,0.0,0.0,0.0,0.0
330,0.0,0.32639726996421814,0.35362955927848816,0.0,0.0,0.0,0.3199732303619385,0.0
331,0.0,0.0,0.3465772867202759,0.0,0.0,0.3224584758281708,0.33096426725387573,0.0
332,0.33729133009910583,0.3301158547401428,0.0,0.33259281516075134,0.0,0.0,0.0,0.0
333,0.32093581557273865,0.34850579500198364,0.3305583894252777,0.0,0.0,0.0,0.0,0.0
334,0.0,0.3376941382884979,0.34159600734710693,0.32070985436439514,0.0,0.0,0.0,0.0
335,0.3290528953075409,0.33076760172843933,0.3401794731616974,0.0,0.0,0.0,0.0,0.0
336,0.3260927200317383,0.34701916575431824,0.0,0.32688814401626587,0.0,0.0,0.0,0.0
337,0.0,0.37212467193603516,0.3079376220703125,0.0,0.0,0.31993770599365234,0.0,0.0
338,0.32228121161460876,0.34404870867729187,0.0,0.0,0.0,0.33367013931274414,0.0,0.0
339,0.33187663555145264,0.33705025911331177,0.0,0.33107316493988037,0.0,0.0,0.0,0.0
340,0.3412694036960602,0.0,0.333936870098114,0.3247937560081482,0.0,0.0,0.0,0.0
341,0.32280299067497253,0.0,0.3312855064868927,0.34591150283813477,0.0,0.0,0.0,0.0
342,0.0,0.33033496141433716,0.3472275137901306,0.3224375247955322,0.0,0.0,0.0,0.0
343,0.0,0.0,0.0,0.0,0.0,0.32971855998039246,0.3363787531852722,0.3339027166366577
344,0.0,0.33843910694122314,0.3382485508918762,0.32331231236457825,0.0,0.0,0.0,0.0
345,0.0,0.29127511382102966,0.3688044548034668,0.33992040157318115,0.0,0.0,0.0,0.0
346,0.0,0.3407444953918457,0.3316437304019928,0.3276118040084839,0.0,0.0,0.0,0.0
347,0.0,0.3422956168651581,0.3194942772388458,0.3382100760936737,0.0,0.0,0.0,0.0
348,0.0,0.3400585353374481,0.32957911491394043,0.33036234974861145,0.0,0.0,0.0,0.0
349,0.34753358364105225,0.312816858291626,0.3396495282649994,0.0,0.0,0.0,0.0,0.0
350,0.0,0.34289634227752686,0.33051609992980957,0.0,0.0,0.3265875577926636,0.0,0.0
351,0.32542338967323303,0.33710795640945435,0.3374686539173126,0.0,0.0,0.0,0.0,0.0
352,0.0,0.3188670873641968,0.3430389165878296,0.33809399604797363,0.0,0.0,0.0,0.0
353,0.0,0.3348022997379303,0.3357761800289154,0.0,0.0,0.0,0.3294214904308319,0.0
354,0.3169424533843994,0.0,0.3246385455131531,0.3584190309047699,0.0,0.0,0.0,0.0
355,0.3221243917942047,0.3404947817325592,0.0,0.33738088607788086,0.0,0.0,0.0,0.0
356,0.0,0.3346579968929291,0.33344516158103943,0.3318968713283539,0.0,0.0,0.0,0.0
357,0.0,0.3244219720363617,0.0,0.3359021246433258,0.0,0.0,0.0,0.3396759033203125
358,0.34527137875556946,0.2966878414154053,0.0,0.35804077982902527,0.0,0.0,0.0,0.0
359,0.31746727228164673,0.3496272563934326,0.33290544152259827,0.0,0.0,0.0,0.0,0.0
360,0.33442237973213196,0.33173173666000366,0.33384591341018677,0.0,0.0,0.0,0.0,0.0
361,0.0,0.0,0.33682379126548767,0.0,0.0,0.33033841848373413,0.3328377902507782,0.0
362,0.0,0.3306185305118561,0.0,0.0,0.33153602480888367,0.0,0.33784541487693787,0.0
363,0.0,0.3482859432697296,0.0,0.0,0.0,0.32355254888534546,0.0,0.3281615078449249
364,0.0,0.0,0.3325580060482025,0.3380306661128998,0.0,0.0,0.0,0.3294113874435425
365,0.3354659974575043,0.32985439896583557,0.0,0.33467963337898254,0.0,0.0,0.0,0.0
366,0.0,0.3539924919605255,0.3179526925086975,0.0,0.0,0.3280547857284546,0.0,0.0
367,0.0,0.37669533491134644,0.3132891058921814,0.0,0.0,0.31001555919647217,0.0,0.0
368,0.3339935839176178,0.3293754458427429,0.0,0.3366309702396393,0.0,0.0,0.0,0.0
369,0.3361320495605469,0.3258293867111206,0.0,0.3380385935306549,0.0,0.0,0.0,0.0
370,0.3210533857345581,0.3545604944229126,0.0,0.0,0.0,0.3243860602378845,0.0,0.0
371,0.31083962321281433,0.3242497742176056,0.0,0.36491063237190247,0.0,0.0,0.0,0.0
372,0.0,0.35034456849098206,0.0,0.3313392698764801,0.0,0.31831619143486023,0.0,0.0
373,0.32317250967025757,0.3257920444011688,0.0,0.35103538632392883,0.0,0.0,0.0,0.0
374,0.0,0.3546701967716217,0.0,0.3272586762905121,0.0,0.3180711567401886,0.0,0.0
375,0.3271741271018982,0.0,0.3232993483543396,0.34952646493911743,0.0,0.0,0.0,0.0
376,0.0,0.3403538167476654,0.3332016170024872,0.32644450664520264,0.0,0.0,0.0,0.0
377,0.0,0.322958767414093,0.3222341537475586,0.354807049036026,0.0,0.0,0.0,0.0
378,0.3342714011669159,0.0,0.3339812159538269,0.3317473828792572,0.0,0.0,0.0,0.0
379,0.3196731209754944,0.0,0.0,0.36260107159614563,0.0,0.0,0.0,0.3177258372306824
380,0.33465465903282166,0.0,0.32706332206726074,0.3382820188999176,0.0,0.0,0.0,0.0
381,0.3718855679035187,0.0,0.3113621175289154,0.3167523145675659,0.0,0.0,0.0,0.0
382,0.323179692029953,0.326107382774353,0.35071292519569397,0.0,0.0,0.0,0.0,0.0
383,0.3426121473312378,0.3252941071987152,0.0,0.0,0.332093745470047,0.0,0.0,0.0
384,0.0,0.37176552414894104,0.0,0.0,0.0,0.31497815251350403,0.0,0.31325632333755493
385,0.3318660259246826,0.3322955071926117,0.3358384966850281,0.0,0.0,0.0,0.0,0.0
386,0.3090400695800781,0.3597191274166107,0.33124083280563354,0.0,0.0,0.0,0.0,0.0
387,0.33621281385421753,0.0,0.0,0.34488022327423096,0.0,0.0,0.3189069628715515,0.0
388,0.3273770809173584,0.0,0.31600141525268555,0.35662156343460083,0.0,0.0,0.0,0.0
389,0.0,0.35110974311828613,0.33137738704681396,0.0,0.0,0.3175128698348999,0.0,0.0
390,0.34855031967163086,0.3221030831336975,0.329346626996994,0.0,0.0,0.0,0.0,0.0
391,0.33023589849472046,0.0,0.3340361416339874,0.3357279896736145,0.0,0.0,0.0,0.0
392,0.33689600229263306,0.3340984880924225,0.32900553941726685,0.0,0.0,0.0,0.0,0.0
393,0.0,0.3714611232280731,0.31728947162628174,0.31124934554100037,0.0,0.0,0.0,0.0
394,0.3449101746082306,0.34072133898735046,0.31436848640441895,0.0,0.0,0.0,0.0,0.0
395,0.0,0.3365626931190491,0.3325333595275879,0.3309039771556854,0.0,0.0,0.0,0.0
396,0.3184230625629425,0.0,0.3191947042942047,0.3623822331428528,0.0,0.0,0.0,0.0
397,0.0,0.34566864371299744,0.33846428990364075,0.3158670961856842,0.0,0.0,0.0,0.0
398,0.3434763252735138,0.0,0.32683783769607544,0.32968583703041077,0.0,0.0,0.0,0.0
399,0.31390443444252014,0.3214744031429291,0.3646211326122284,0.0,0.0,0.0,0.0,0.0
400,0.3330552577972412,0.0,0.33717045187950134,0.32977426052093506,0.0,0.0,0.0,0.0
401,0.33478137850761414,0.3154812157154083,0.0,0.3497374355792999,0.0,0.0,0.0,0.0
402,0.34642091393470764,0.0,0.3377082943916321,0.3158707916736603,0.0,0.0,0.0,0.0
403,0.0,0.3451288044452667,0.31740686297416687,0.3374643623828888,0.0,0.0,0.0,0.0
404,0.3259671628475189,0.3268527686595917,0.347180038690567,0.0,0.0,0.0,0.0,0.0
405,0.30555588006973267,0.34593307971954346,0.0,0.3485110104084015,0.0,0.0,0.0,0.0
406,0.3384456932544708,0.0,0.33072608709335327,0.0,0.3308281898498535,0.0,0.0,0.0
407,0.32804933190345764,0.0,0.3334536850452423,0.33849701285362244,0.0,0.0,0.0,0.0
408,0.0,0.3695688247680664,0.31770607829093933,0.0,0.0,0.3127250671386719,0.0,0.0
409,0.0,0.0,0.0,0.0,0.3301808834075928,0.34016552567481995,0.0,0.32965362071990967
410,0.0,0.32446223497390747,0.346136212348938,0.32940155267715454,0.0,0.0,0.0,0.0
411,0.3433724641799927,0.0,0.3236300051212311,0.33299750089645386,0.0,0.0,0.0,0.0
412,0.0,0.31469473242759705,0.32510387897491455,0.3602013885974884,0.0,0.0,0.0,0.0
413,0.0,0.3345111310482025,0.0,0.0,0.0,0.3336803913116455,0.0,0.3318084180355072
414,0.33258289098739624,0.0,0.0,0.0,0.33738863468170166,0.0,0.3300285041332245,0.0
415,0.3211658298969269,0.3369007706642151,0.3419334292411804,0.0,0.0,0.0,0.0,0.0
416,0.0,0.3371690809726715,0.33416950702667236,0.32866141200065613,0.0,0.0,0.0,0.0
417,0.334271639585495,0.31561845541000366,0.0,0.35010993480682373,0.0,0.0,0.0,0.0
418,0.0,0.3321736454963684,0.0,0.36147063970565796,0.0,0.306355744600296,0.0,0.0
419,0.322200745344162,0.0,0.3436771035194397,0.3341221213340759,0.0,0.0,0.0,0.0
420,0.0,0.33407554030418396,0.0,0.3341570496559143,0.0,0.0,0.0,0.33176738023757935
421,0.3319736123085022,0.3380621671676636,0.0,0.329964280128479,0.0,0.0,0.0,0.0
422,0.3322853744029999,0.33819320797920227,0.0,0.0,0.32952144742012024,0.0,0.0,0.0
423,0.3258887231349945,0.3133959472179413,0.3607153296470642,0.0,0.0,0.0,0.0,0.0
424,0.31882259249687195,0.0,0.34187930822372437,0.3392980694770813,0.0,0.0,0.0,0.0
425,0.3294457495212555,0.31400543451309204,0.0,0.35654884576797485,0.0,0.0,0.0,0.0
426,0.0,0.3376617431640625,0.32649922370910645,0.33583906292915344,0.0,0.0,0.0,0.0
427,0.32620736956596375,0.3520127832889557,0.32177987694740295,0.0,0.0,0.0,0.0,0.0
428,0.0,0.33482107520103455,0.3265164792537689,0.33866244554519653,0.0,0.0,0.0,0.0
429,0.3409656286239624,0.3395078778266907,0.0,0.3195264935493469,0.0,0.0,0.0,0.0
430,0.3358743488788605,0.0,0.3293743431568146,0.33475127816200256,0.0,0.0,0.0,0.0
431,0.3401404619216919,0.32365766167640686,0.0,0.33620184659957886,0.0,0.0,0.0,0.0
432,0.3288564682006836,0.0,0.33913809061050415,0.33200550079345703,0.0,0.0,0.0,0.0
433,0.0,0.35327988862991333,0.3055921792984009,0.3411279022693634,0.0,0.0,0.0,0.0
434,0.0,0.3279372751712799,0.3402653932571411,0.331797331571579,0.0,0.0,0.0,0.0
435,0.0,0.32141974568367004,0.36430543661117554,0.31427478790283203,0.0,0.0,0.0,0.0
436,0.31942978501319885,0.3683794140815735,0.31219080090522766,0.0,0.0,0.0,0.0,0.0
437,0.36473262310028076,0.31880754232406616,0.0,0.3164598047733307,0.0,0.0,0.0,0.0
438,0.3580777645111084,0.3121803104877472,0.0,0.3297419250011444,0.0,0.0,0.0,0.0
439,0.3462464511394501,0.3286849558353424,0.0,0.3250685930252075,0.0,0.0,0.0,0.0
440,0.3305622637271881,0.0,0.34571969509124756,0.32371801137924194,0.0,0.0,0.0,0.0
441,0.31234556436538696,0.3442707359790802,0.34338369965553284,0.0,0.0,0.0,0.0,0.0
442,0.0,0.33047792315483093,0.32934367656707764,0.3401784300804138,0.0,0.0,0.0,0.0
443,0.0,0.3575204312801361,0.3534783720970154,0.0,0.0,0.2890011966228485,0.0,0.0
444,0.3392314314842224,0.32979366183280945,0.0,0.33097490668296814,0.0,0.0,0.0,0.0
445,0.31661975383758545,0.36521103978157043,0.3181692063808441,0.0,0.0,0.0,0.0,0.0
446,0.0,0.30631422996520996,0.360919713973999,0.33276602625846863,0.0,0.0,0.0,0.0
447,0.3464774489402771,0.0,0.3183111846446991,0.3352113664150238,0.0,0.0,0.0,0.0
448,0.0,0.33149051666259766,0.33456140756607056,0.3339481055736542,0.0,0.0,0.0,0.0
449,0.331636518239975,0.33474496006965637,0.0,0.33361849188804626,0.0,0.0,0.0,0.0
450,0.0,0.3156866729259491,0.3570142090320587,0.0,0.0,0.0,0.3272991478443146,0.0
451,0.0,0.33488893508911133,0.3059665560722351,0.35914450883865356,0.0,0.0,0.0,0.0
452,0.31485605239868164,0.33901721239089966,0.0,0.3461266756057739,0.0,0.0,0.0,0.0
453,0.31162241101264954,0.33080822229385376,0.0,0.3575693964958191,0.0,0.0,0.0,0.0
454,0.34554821252822876,0.0,0.0,0.35009366273880005,0.0,0.0,0.0,0.3043581247329712
455,0.0,0.3378191292285919,0.31900864839553833,0.34317219257354736,0.0,0.0,0.0,0.0
456,0.31906765699386597,0.3570414185523987,0.3238909840583801,0.0,0.0,0.0,0.0,0.0
457,0.33494389057159424,0.0,0.32850736379623413,0.336548775434494,0.0,0.0,0.0,0.0
458,0.33193084597587585,0.3262943625450134,0.0,0.3417748212814331,0.0,0.0,0.0,0.0
459,0.33172494173049927,0.33614325523376465,0.0,0.3321317732334137,0.0,0.0,0.0,0.0
460,0.32736748456954956,0.3360211253166199,0.33661144971847534,0.0,0.0,0.0,0.0,0.0
461,0.30213308334350586,0.3434591293334961,0.35440778732299805,0.0,0.0,0.0,0.0,0.0
462,0.0,0.3322678506374359,0.3374069631099701,0.330325186252594,0.0,0.0,0.0,0.0
463,0.0,0.321688175201416,0.3302370607852936,0.3480747640132904,0.0,0.0,0.0,0.0
464,0.0,0.3180415630340576,0.33218806982040405,0.34977036714553833,0.0,0.0,0.0,0.0
465,0.3410995602607727,0.33054909110069275,0.0,0.32835134863853455,0.0,0.0,0.0,0.0
466,0.32151132822036743,0.3289065361022949,0.34958207607269287,0.0,0.0,0.0,0.0,0.0
467,0.33781519532203674,0.330687552690506,0.3314972519874573,0.0,0.0,0.0,0.0,0.0
468,0.337350070476532,0.33124199509620667,0.33140793442726135,0.0,0.0,0.0,0.0,0.0
469,0.0,0.3165505826473236,0.3431204855442047,0.3403289318084717,0.0,0.0,0.0,0.0
470,0.33838072419166565,0.0,0.33461377024650574,0.32700544595718384,0.0,0.0,0.0,0.0
471,0.0,0.3452267646789551,0.32551443576812744,0.3292587995529175,0.0,0.0,0.0,0.0
472,0.31135857105255127,0.32904335856437683,0.0,0.3595981001853943,0.0,0.0,0.0,0.0
473,0.34654295444488525,0.3033981919288635,0.0,0.3500588536262512,0.0,0.0,0.0,0.0
474,0.0,0.3337879180908203,0.0,0.0,0.0,0.33615055680274963,0.33006152510643005,0.0
475,0.0,0.3171682059764862,0.3196601867675781,0.36317160725593567,0.0,0.0,0.0,0.0
476,0.3254636526107788,0.3238013684749603,0.0,0.35073497891426086,0.0,0.0,0.0,0.0
477,0.32055261731147766,0.0,0.33921563625335693,0.3402317464351654,0.0,0.0,0.0,0.0
478,0.0,0.32598230242729187,0.33130472898483276,0.34271296858787537,0.0,0.0,0.0,0.0
479,0.0,0.3501083254814148,0.35161691904067993,0.0,0.0,0.2982746958732605,0.0,0.0
480,0.3291340172290802,0.3318968415260315,0.3389691412448883,0.0,0.0,0.0,0.0,0.0
481,0.3382895290851593,0.32533523440361023,0.0,0.33637526631355286,0.0,0.0,0.0,0.0
482,0.0,0.0,0.0,0.34835508465766907,0.0,0.32856985926628113,0.0,0.32307499647140503
483,0.0,0.33572980761528015,0.3317509591579437,0.33251920342445374,0.0,0.0,0.0,0.0
484,0.3333556354045868,0.0,0.3289766311645508,0.33766770362854004,0.0,0.0,0.0,0.0
485,0.0,0.3360929787158966,0.3367862403392792,0.3271207809448242,0.0,0.0,0.0,0.0
486,0.3277607262134552,0.3185420632362366,0.0,0.3536972105503082,0.0,0.0,0.0,0.0
487,0.0,0.3288498818874359,0.3364230692386627,0.33472710847854614,0.0,0.0,0.0,0.0
488,0.0,0.3474905490875244,0.33666011691093445,0.31584927439689636,0.0,0.0,0.0,0.0
489,0.0,0.32894015312194824,0.34371206164360046,0.3273478150367737,0.0,0.0,0.0,0.0
490,0.3204999566078186,0.3419800400733948,0.337520033121109,0.0,0.0,0.0,0.0,0.0
491,0.3146020472049713,0.3333297669887543,0.3520682156085968,0.0,0.0,0.0,0.0,0.0
492,0.347911536693573,0.3114317059516907,0.0,0.3406567871570587,0.0,0.0,0.0,0.0
493,0.0,0.3323521018028259,0.33515381813049316,0.3324941098690033,0.0,0.0,0.0,0.0
494,0.0,0.3243584632873535,0.34373998641967773,0.33190152049064636,0.0,0.0,0.0,0.0
495,0.0,0.3372528851032257,0.0,0.34163153171539307,0.0,0.0,0.0,0.3211155831813812
496,0.0,0.33598557114601135,0.34217891097068787,0.3218355178833008,0.0,0.0,0.0,0.0
497,0.3075307607650757,0.33569735288619995,0.35677191615104675,0.0,0.0,0.0,0.0,0.0
498,0.34324726462364197,0.33167895674705505,0.0,0.32507380843162537,0.0,0.0,0.0,0.0
499,0.3072306513786316,0.33663272857666016,0.3561365604400635,0.0,0.0,0.0,0.0,0.0
500,0.32792001962661743,0.3433772325515747,0.0,0.32870280742645264,0.0,0.0,0.0,0.0
501,0.0,0.3182377219200134,0.31799525022506714,0.36376699805259705,0.0,0.0,0.0,0.0
502,0.0,0.3408873379230499,0.35198071599006653,0.30713191628456116,0.0,0.0,0.0,0.0
503,0.32800617814064026,0.3379933536052704,0.0,0.33400043845176697,0.0,0.0,0.0,0.0
504,0.33101215958595276,0.33190929889678955,0.3370785415172577,0.0,0.0,0.0,0.0,0.0
505,0.0,0.33305618166923523,0.3498958945274353,0.3170478940010071,0.0,0.0,0.0,0.0
506,0.33213698863983154,0.0,0.3323344588279724,0.33552852272987366,0.0,0.0,0.0,0.0
507,0.3162674903869629,0.0,0.33514344692230225,0.34858906269073486,0.0,0.0,0.0,0.0
508,0.0,0.3235805332660675,0.37288761138916016,0.3035318851470947,0.0,0.0,0.0,0.0
509,0.3433140516281128,0.31694474816322327,0.0,0.33974123001098633,0.0,0.0,0.0,0.0
510,0.3414869010448456,0.313232421875,0.34528061747550964,0.0,0.0,0.0,0.0,0.0
511,0.0,0.32161688804626465,0.3478107452392578,0.3305723965167999,0.0,0.0,0.0,0.0
512,0.34112033247947693,0.34053173661231995,0.0,0.3183479607105255,0.0,0.0,0.0,0.0
513,0.35514381527900696,0.3059301972389221,0.0,0.33892595767974854,0.0,0.0,0.0,0.0
514,0.3318648040294647,0.32538628578186035,0.3427489101886749,0.0,0.0,0.0,0.0,0.0
515,0.0,0.3410971462726593,0.0,0.0,0.0,0.33063530921936035,0.0,0.32826754450798035
516,0.0,0.3273259997367859,0.3602399528026581,0.31243404746055603,0.0,0.0,0.0,0.0
517,0.32071781158447266,0.0,0.3237755298614502,0.35550668835639954,0.0,0.0,0.0,0.0
518,0.0,0.32015976309776306,0.35027942061424255,0.329560786485672,0.0,0.0,0.0,0.0
519,0.0,0.3100467324256897,0.0,0.3673972487449646,0.0,0.0,0.0,0.3225560188293457
520,0.0,0.3365727365016937,0.33502963185310364,0.3283976912498474,0.0,0.0,0.0,0.0
521,0.0,0.33579468727111816,0.34561336040496826,0.31859198212623596,0.0,0.0,0.0,0.0
522,0.0,0.3351289927959442,0.3434680998325348,0.321402907371521,0.0,0.0,0.0,0.0
523,0.3373323380947113,0.3183137774467468,0.0,0.34435388445854187,0.0,0.0,0.0,0.0
524,0.35164329409599304,0.0,0.3152790665626526,0.333077609539032,0.0,0.0,0.0,0.0
525,0.33129391074180603,0.338554710149765,0.0,0.33015134930610657,0.0,0.0,0.0,0.0
526,0.3305648863315582,0.33630529046058655,0.0,0.3331298530101776,0.0,0.0,0.0,0.0
527,0.3364543616771698,0.32293492555618286,0.3406107425689697,0.0,0.0,0.0,0.0,0.0
528,0.35686418414115906,0.0,0.3347815275192261,0.30835431814193726,0.0,0.0,0.0,0.0
529,0.0,0.352009654045105,0.3298353850841522,0.3181549906730652,0.0,0.0,0.0,0.0
530,0.3447120189666748,0.0,0.325021356344223,0.33026665449142456,0.0,0.0,0.0,0.0
531,0.3264022469520569,0.33118346333503723,0.3424142599105835,0.0,0.0,0.0,0.0,0.0
532,0.31651851534843445,0.0,0.33242955803871155,0.351051926612854,0.0,0.0,0.0,0.0
533,0.0,0.3547954559326172,0.32931625843048096,0.0,0.0,0.31588831543922424,0.0,0.0
534,0.0,0.32976651191711426,0.3333466351032257,0.33688685297966003,0.0,0.0,0.0,0.0
535,0.3389197587966919,0.3210420608520508,0.3400381803512573,0.0,0.0,0.0,0.0,0.0
536,0.3115121126174927,0.0,0.3362738788127899,0.3522140383720398,0.0,0.0,0.0,0.0
537,0.31037506461143494,0.3331506848335266,0.0,0.3564743101596832,0.0,0.0,0.0,0.0
538,0.3362438678741455,0.0,0.30800265073776245,0.35575351119041443,0.0,0.0,0.0,0.0
539,0.31470268964767456,0.0,0.36102771759033203,0.3242695927619934,0.0,0.0,0.0,0.0
540,0.3731045722961426,0.0,0.30868953466415405,0.31820589303970337,0.0,0.0,0.0,0.0
541,0.3367449641227722,0.0,0.31546974182128906,0.3477852940559387,0.0,0.0,0.0,0.0
